gene,included,exclusion_reason
A2M,True,
AAAS,True,
AACS,True,
AAGAB,True,
AAK1,True,
AAMDC,True,
AAMP,True,
AAR2,True,
AARS1,True,
AARS2,True,
AARSD1,True,
AASDHPPT,True,
AASS,True,
AATF,True,
ABAT,True,
ABCB10,True,
ABCB6,True,
ABCB7,True,
ABCB8,True,
ABCC1,True,
ABCC4,True,
ABCC5,True,
ABCD1,True,
ABCD3,True,
ABCE1,True,
ABCF1,True,
ABCF3,True,
ABHD10,True,
ABHD11,True,
ABHD12,True,
ABHD14B,True,
ABHD16A,True,
ABHD17A,True,
ABHD17B,True,
ABHD5,True,
ABHD6,True,
ABI1,True,
ABI2,True,
ABITRAM,True,
ABL1,True,
ABL2,True,
ABLIM2,True,
ABLIM3,True,
ABR,True,
ABRACL,True,
ABRAXAS1,True,
ABRAXAS2,True,
ABT1,True,
ACAA1,True,
ACAA2,True,
ACACA,True,
ACACB,True,
ACAD10,True,
ACAD11,True,
ACAD8,True,
ACAD9,True,
ACADM,True,
ACADS,True,
ACADSB,True,
ACADVL,True,
ACAP2,True,
ACAT1,True,
ACAT2,True,
ACBD3,True,
ACBD5,True,
ACBD6,True,
ACBD7,True,
ACD,True,
ACIN1,True,
ACLY,True,
ACO1,True,
ACO2,True,
ACOT11,True,
ACOT13,True,
ACOT2,True,
ACOT7,True,
ACOT8,True,
ACOT9,True,
ACOX1,True,
ACOX3,True,
ACP1,True,
ACP2,True,
ACP6,True,
ACSF2,True,
ACSF3,True,
ACSL1,True,
ACSL3,True,
ACSL4,True,
ACSL5,True,
ACSL6,True,
ACSS1,True,
ACSS2,True,
ACSS3,True,
ACTA2,True,
ACTB,True,
ACTBL2,True,
ACTL6A,True,
ACTL8,True,
ACTN1,True,
ACTN4,True,
ACTR10,True,
ACTR1A,True,
ACTR1B,True,
ACTR2,True,
ACTR3,True,
ACTR3B,True,
ACTR5,True,
ACTR6,True,
ACTR8,True,
ACVR1,True,
ACYP1,True,
ACYP2,True,
ADA,True,
ADAM10,True,
ADAM15,True,
ADAM17,True,
ADAM9,True,
ADAP1,True,
ADAR,True,
ADARB1,True,
ADAT2,True,
ADAT3,True,
ADCY5,True,
ADD1,True,
ADD2,True,
ADD3,True,
ADGRE5,True,
ADGRG1,True,
ADGRG6,True,
ADGRL2,True,
ADH5,True,
ADI1,True,
ADIRF,True,
ADISSP,True,
ADK,True,
ADNP,True,
ADNP2,True,
ADO,True,
ADPGK,True,
ADPRS,True,
ADRM1,True,
ADSL,True,
ADSS1,True,
ADSS2,True,
AFAP1,True,
AFAP1L2,True,
AFDN,True,
AFF1,True,
AFF3,True,
AFF4,True,
AFG1L,True,
AFG2A,True,
AFG2B,True,
AFG3L2,True,
AFTPH,True,
AGA,True,
AGAP1,True,
AGAP3,True,
AGFG1,True,
AGFG2,True,
AGGF1,True,
AGK,True,
AGL,True,
AGO1,True,
AGO2,True,
AGO3,True,
AGO4,True,
AGPAT1,True,
AGPAT2,True,
AGPAT3,True,
AGPAT5,True,
AGPS,True,
AGR2,True,
AGRN,True,
AGTPBP1,True,
AGTRAP,True,
AHCTF1,True,
AHCY,True,
AHCYL1,True,
AHCYL2,True,
AHDC1,True,
AHNAK,True,
AHNAK2,True,
AHR,True,
AHSA1,True,
AIDA,True,
AIF1L,True,
AIFM1,True,
AIFM2,True,
AIMP1,True,
AIMP2,True,
AIP,True,
AIRIM,True,
AJUBA,True,
AK1,True,
AK2,True,
AK3,True,
AK4,True,
AK5,True,
AK6,True,
AKAP1,True,
AKAP10,True,
AKAP11,True,
AKAP12,True,
AKAP13,True,
AKAP17A,True,
AKAP8,True,
AKAP8L,True,
AKAP9,True,
AKR1A1,True,
AKR1B1,True,
AKR1B10,True,
AKR1B15,True,
AKR1C1,True,
AKR1C3,True,
AKR1D1,True,
AKR7A2,True,
AKT1,True,
AKT1S1,True,
AKT2,True,
AKT3,True,
ALAD,True,
ALAS1,True,
ALB,True,
ALCAM,True,
ALDH16A1,True,
ALDH18A1,True,
ALDH1A1,True,
ALDH1A2,True,
ALDH1A3,True,
ALDH1B1,True,
ALDH1L2,True,
ALDH2,True,
ALDH3A2,True,
ALDH3B1,True,
ALDH4A1,True,
ALDH5A1,True,
ALDH6A1,True,
ALDH7A1,True,
ALDOA,True,
ALDOC,True,
ALG1,True,
ALG11,True,
ALG13,True,
ALG2,True,
ALG3,True,
ALG5,True,
ALG8,True,
ALG9,True,
ALKBH1,True,
ALKBH2,True,
ALKBH3,True,
ALKBH4,True,
ALKBH5,True,
ALKBH7,True,
ALMS1,True,
ALOX5,True,
ALS2,True,
ALYREF,True,
AMACR,True,
AMBRA1,True,
AMDHD2,True,
AMFR,True,
AMMECR1,True,
AMOT,True,
AMOTL1,True,
AMOTL2,True,
AMPH,True,
AMZ2,True,
ANAPC1,True,
ANAPC10,True,
ANAPC16,True,
ANAPC2,True,
ANAPC4,True,
ANAPC5,True,
ANAPC7,True,
ANGEL2,True,
ANK1,True,
ANK2,True,
ANK3,True,
ANKFY1,True,
ANKHD1-EIF4EBP3,True,
ANKIB1,True,
ANKLE2,True,
ANKMY2,True,
ANKRD10,True,
ANKRD11,True,
ANKRD12,True,
ANKRD13A,True,
ANKRD13D,True,
ANKRD16,True,
ANKRD17,True,
ANKRD26,True,
ANKRD27,True,
ANKRD28,True,
ANKRD30A,True,
ANKRD40,True,
ANKRD44,True,
ANKRD50,True,
ANKRD52,True,
ANKRD54,True,
ANKS1A,True,
ANKZF1,True,
ANLN,True,
ANO1,True,
ANO10,True,
ANO6,True,
ANP32A,True,
ANP32B,True,
ANP32E,True,
ANPEP,True,
ANTXR1,True,
ANTXR2,True,
ANXA1,True,
ANXA11,True,
ANXA2,True,
ANXA3,True,
ANXA4,True,
ANXA5,True,
ANXA6,True,
ANXA7,True,
ANXA8,True,
ANXA9,True,
AP1AR,True,
AP1B1,True,
AP1G1,True,
AP1G2,True,
AP1M1,True,
AP1M2,True,
AP1S1,True,
AP1S2,True,
AP2A1,True,
AP2A2,True,
AP2B1,True,
AP2M1,True,
AP2S1,True,
AP3B1,True,
AP3D1,True,
AP3M1,True,
AP3M2,True,
AP3S1,True,
AP4B1,True,
AP4E1,True,
AP5B1,True,
AP5M1,True,
AP5S1,True,
AP5Z1,True,
APAF1,True,
APBB1IP,True,
APBB2,True,
APC,True,
APEH,True,
APEX1,True,
API5,True,
APIP,True,
APLF,True,
APLP2,True,
APMAP,True,
APOB,True,
APOBEC3A_B,True,
APOBEC3C,True,
APOBEC3D,True,
APOBEC3G,True,
APOD,True,
APOE,True,
APOH,True,
APOL2,True,
APOO,True,
APOOL,True,
APP,True,
APPL1,True,
APPL2,True,
APRT,True,
APTX,True,
AQR,True,
ARAF,True,
ARAP1,True,
ARB2A,True,
ARCN1,True,
ARF4,True,
ARF5,True,
ARF6,True,
ARFGAP1,True,
ARFGAP2,True,
ARFGAP3,True,
ARFGEF1,True,
ARFGEF2,True,
ARFGEF3,True,
ARFIP1,True,
ARFIP2,True,
ARFRP1,True,
ARGLU1,True,
ARHGAP1,True,
ARHGAP10,True,
ARHGAP12,True,
ARHGAP17,True,
ARHGAP18,True,
ARHGAP21,True,
ARHGAP25,True,
ARHGAP26,True,
ARHGAP27,True,
ARHGAP29,True,
ARHGAP32,True,
ARHGAP35,True,
ARHGAP39,True,
ARHGAP4,True,
ARHGAP42,True,
ARHGAP45,True,
ARHGAP5,True,
ARHGDIA,True,
ARHGDIB,True,
ARHGEF1,True,
ARHGEF10,True,
ARHGEF11,True,
ARHGEF12,True,
ARHGEF16,True,
ARHGEF17,True,
ARHGEF18,True,
ARHGEF2,True,
ARHGEF28,True,
ARHGEF40,True,
ARHGEF5,True,
ARHGEF6,True,
ARHGEF7,True,
ARID1A,True,
ARID2,True,
ARID3A,True,
ARID4A,True,
ARID4B,True,
ARID5B,True,
ARIH1,True,
ARIH2,True,
ARK2N,True,
ARL1,True,
ARL14EP,True,
ARL15,True,
ARL2,True,
ARL2BP,True,
ARL3,True,
ARL5B,True,
ARL6,True,
ARL6IP1,True,
ARL6IP4,True,
ARL6IP5,True,
ARL6IP6,True,
ARL8A,True,
ARL8B,True,
ARMC1,True,
ARMC10,True,
ARMC6,True,
ARMC8,True,
ARMC9,True,
ARMCX1,True,
ARMCX3,True,
ARMH3,True,
ARMT1,True,
ARNT,True,
ARPC1A,True,
ARPC1B,True,
ARPC2,True,
ARPC3,True,
ARPC4,True,
ARPC5,True,
ARPC5L,True,
ARPIN,True,
ARPP19,True,
ARRB1,True,
ARRB2,True,
ARRDC1,True,
ARSA,True,
ARSB,True,
ARSD,True,
ARVCF,True,
AS3MT,True,
ASAH1,True,
ASAP1,True,
ASAP2,True,
ASB9,True,
ASCC1,True,
ASCC2,True,
ASCC3,True,
ASF1A,True,
ASF1B,True,
ASH1L,True,
ASH2L,True,
ASL,True,
ASMTL,True,
ASNS,True,
ASPH,True,
ASPM,True,
ASPSCR1,True,
ASRGL1,True,
ASS1,True,
ASXL2,True,
ATAD1,True,
ATAD2,True,
ATAD2B,True,
ATAD3B,True,
ATAT1,True,
ATE1,True,
ATF1,True,
ATF2,True,
ATF6,True,
ATF7,True,
ATF7IP,True,
ATG101,True,
ATG12,True,
ATG16L1,True,
ATG2A,True,
ATG2B,True,
ATG3,True,
ATG4B,True,
ATG4C,True,
ATG5,True,
ATG7,True,
ATG9A,True,
ATIC,True,
ATL1,True,
ATL2,True,
ATL3,True,
ATM,True,
ATN1,True,
ATOX1,True,
ATP11A,True,
ATP11B,True,
ATP11C,True,
ATP12A,True,
ATP13A1,True,
ATP13A2,True,
ATP13A3,True,
ATP1A1,True,
ATP1A3,True,
ATP1A4,True,
ATP1B1,True,
ATP1B3,True,
ATP2A2,True,
ATP2A3,True,
ATP2B1,True,
ATP2C1,True,
ATP5F1A,True,
ATP5F1B,True,
ATP5F1C,True,
ATP5F1D,True,
ATP5F1E,True,
ATP5IF1,True,
ATP5MC2,True,
ATP5ME,True,
ATP5MF-PTCD1,True,
ATP5MG,True,
ATP5MJ,True,
ATP5MK,True,
ATP5PB,True,
ATP5PD,True,
ATP5PF,True,
ATP5PO,True,
ATP6,True,
ATP6AP1,True,
ATP6AP2,True,
ATP6V0A1,True,
ATP6V0A2,True,
ATP6V0C,True,
ATP6V0D1,True,
ATP6V1A,True,
ATP6V1B1,True,
ATP6V1B2,True,
ATP6V1C1,True,
ATP6V1D,True,
ATP6V1E1,True,
ATP6V1F,True,
ATP6V1G1,True,
ATP6V1H,True,
ATP7A,True,
ATP8A1,True,
ATP8B1,True,
ATP9A,True,
ATP9B,True,
ATPAF1,True,
ATPAF2,True,
ATR,True,
ATRIP,True,
ATRN,True,
ATRX,True,
ATXN1,True,
ATXN10,True,
ATXN1L,True,
ATXN2,True,
ATXN2L,True,
ATXN3,True,
ATXN7,True,
ATXN7L3B,True,
AUH,True,
AUP1,True,
AURKA,True,
AURKB,True,
AVEN,True,
AVL9,True,
AXIN1,True,
AXL,True,
AZGP1,True,
AZI2,True,
B2M,True,
B3GAT3,True,
B3GLCT,True,
B3GNT2,True,
B3GNT3,True,
B4GALT1,True,
B4GALT3,True,
B4GALT4,True,
B4GAT1,True,
BABAM1,True,
BABAM2,True,
BACC1,True,
BACH1,True,
BAD,True,
BAG1,True,
BAG2,True,
BAG3,True,
BAG4,True,
BAG5,True,
BAHD1,True,
BAIAP2,True,
BAIAP2L1,True,
BAK1,True,
BANF1,True,
BANP,True,
BAP1,True,
BARD1,True,
BASP1,True,
BAX,True,
BAZ1A,True,
BAZ1B,True,
BAZ2A,True,
BAZ2B,True,
BBC3,True,
BBX,True,
BCAM,True,
BCAP29,True,
BCAP31,True,
BCAR1,True,
BCAR3,True,
BCAS1,True,
BCAS2,True,
BCAS3,True,
BCAT1,True,
BCAT2,True,
BCCIP,True,
BCKDHA,True,
BCKDHB,True,
BCKDK,True,
BCL10,True,
BCL2L1,True,
BCL2L13,True,
BCL3,True,
BCL7A,True,
BCL7B,True,
BCL7C,True,
BCL9,True,
BCL9L,True,
BCLAF1,True,
BCLAF3,True,
BCOR,True,
BCORL1,True,
BCR,True,
BCS1L,True,
BDH1,True,
BDH2,True,
BECN1,True,
BEND3,True,
BET1L,True,
BICD1,True,
BICD2,True,
BICRA,True,
BICRAL,True,
BID,True,
BIN1,True,
BIN3,True,
BIRC2,True,
BIRC6,True,
BLM,True,
BLMH,True,
BLOC1S1,True,
BLOC1S2,True,
BLOC1S3,True,
BLOC1S4,True,
BLOC1S5,True,
BLTP2,True,
BLTP3A,True,
BLTP3B,True,
BLVRA,True,
BLVRB,True,
BLZF1,True,
BMP2K,True,
BMS1,True,
BNIP1,True,
BNIP2,True,
BNIP3,True,
BNIP3L,True,
BOD1,True,
BOD1L1,True,
BOLA1,True,
BOLA3,True,
BOP1,True,
BORCS5,True,
BORCS6,True,
BORCS7,True,
BORCS8,True,
BPGM,True,
BPHL,True,
BPNT1,True,
BPNT2,True,
BPTF,True,
BRAF,True,
BRAP,True,
BRAT1,True,
BRCA1,True,
BRCC3,True,
BRD1,True,
BRD2,True,
BRD3,True,
BRD4,True,
BRD7,True,
BRD8,True,
BRD9,True,
BRF1,True,
BRIX1,True,
BRK1,True,
BRMS1,True,
BRMS1L,True,
BROX,True,
BRPF1,True,
BRPF3,True,
BRWD1,True,
BSDC1,True,
BSG,True,
BSPRY,True,
BST2,True,
BTAF1,True,
BTBD2,True,
BTD,True,
BTF3,True,
BTF3L4,True,
BTK,True,
BTN2A1,True,
BTN3A3,True,
BTRC,True,
BUB1,True,
BUB1B,True,
BUB3,True,
BUD13,True,
BUD23,True,
BUD31,True,
BYSL,True,
BZW1,True,
BZW2,True,
C11orf54,True,
C11orf58,True,
C11orf68,True,
C12orf43,True,
C12orf57,True,
C12orf75,True,
C14orf119,True,
C15orf39,True,
C15orf40,True,
C15orf48,True,
C17orf75,True,
C18orf21,True,
C18orf32,True,
C19orf25,True,
C19orf47,True,
C19orf53,True,
C1D,True,
C1QBP,True,
C1orf116,True,
C1orf122,True,
C1orf131,True,
C1orf174,True,
C1orf198,True,
C1orf226,True,
C1orf35,True,
C1orf43,True,
C1orf50,True,
C1orf52,True,
C2CD2,True,
C2CD2L,True,
C2CD5,True,
C2orf49,True,
C2orf69,True,
C3,True,
C3orf38,True,
C4A,True,
C4orf3,True,
C5orf15,True,
C5orf22,True,
C5orf24,True,
C6orf132,True,
C6orf47,True,
C6orf89,True,
C7orf25,True,
C7orf50,True,
C8orf33,True,
C8orf82,True,
C9orf78,True,
CA1,True,
CA12,True,
CA13,True,
CA2,True,
CA5B,True,
CA8,True,
CAAP1,True,
CAB39,True,
CABIN1,True,
CABLES1,True,
CACNA2D1,True,
CACTIN,True,
CACUL1,True,
CACYBP,True,
CAD,True,
CADM1,True,
CADM4,True,
CADPS,True,
CALB2,True,
CALCOCO1,True,
CALCOCO2,True,
CALD1,True,
CALML3,True,
CALR,True,
CALU,True,
CAMK1,True,
CAMK1D,True,
CAMK2B,True,
CAMK2D,True,
CAMK2G,True,
CAMK4,True,
CAMKK2,True,
CAMKMT,True,
CAMLG,True,
CAMSAP1,True,
CAMSAP2,True,
CAMSAP3,True,
CAND1,True,
CAND2,True,
CANT1,True,
CANX,True,
CAP1,True,
CAP2,True,
CAPG,True,
CAPN1,True,
CAPN15,True,
CAPN2,True,
CAPN5,True,
CAPN7,True,
CAPNS1,True,
CAPRIN1,True,
CAPZA1,True,
CAPZA2,True,
CAPZB,True,
CARD10,True,
CARHSP1,True,
CARM1,True,
CARMIL1,True,
CARNMT1,True,
CARS1,True,
CARS2,True,
CASC3,True,
CASK,True,
CASKIN2,True,
CASP1,True,
CASP2,True,
CASP3,True,
CASP4,True,
CASP6,True,
CASP7,True,
CASP8,True,
CASP9,True,
CAST,True,
CASZ1,True,
CAT,True,
CAV1,True,
CAV2,True,
CAVIN1,True,
CAVIN2,True,
CAVIN3,True,
CBFA2T2,True,
CBFB,True,
CBL,True,
CBLB,True,
CBLL1,True,
CBR1,True,
CBR3,True,
CBR4,True,
CBX1,True,
CBX2,True,
CBX3,True,
CBX4,True,
CBX5,True,
CBX8,True,
CC2D1A,True,
CC2D1B,True,
CCAR1,True,
CCAR2,True,
CCDC102A,True,
CCDC115,True,
CCDC117,True,
CCDC12,True,
CCDC120,True,
CCDC124,True,
CCDC127,True,
CCDC134,True,
CCDC137,True,
CCDC174,True,
CCDC175,True,
CCDC186,True,
CCDC22,True,
CCDC25,True,
CCDC43,True,
CCDC47,True,
CCDC50,True,
CCDC51,True,
CCDC6,True,
CCDC61,True,
CCDC71L,True,
CCDC82,True,
CCDC85C,True,
CCDC86,True,
CCDC88A,True,
CCDC88C,True,
CCDC9,True,
CCDC90B,True,
CCDC91,True,
CCDC93,True,
CCDC97,True,
CCDC9B,True,
CCM2,True,
CCN1,True,
CCN2,True,
CCNA2,True,
CCNB1,True,
CCNB2,True,
CCNC,True,
CCND1,True,
CCNH,True,
CCNK,True,
CCNL1,True,
CCNL2,True,
CCNT1,True,
CCNT2,True,
CCNY,True,
CCNYL1,True,
CCP110,True,
CCS,True,
CCT2,True,
CCT3,True,
CCT4,True,
CCT5,True,
CCT6A,True,
CCT7,True,
CCT8,True,
CD109,True,
CD151,True,
CD276,True,
CD2AP,True,
CD2BP2,True,
CD38,True,
CD40,True,
CD44,True,
CD46,True,
CD47,True,
CD55,True,
CD58,True,
CD59,True,
CD63,True,
CD74,True,
CD81,True,
CD82,True,
CD9,True,
CD99,True,
CD99L2,True,
CDA,True,
CDC123,True,
CDC16,True,
CDC20,True,
CDC23,True,
CDC25C,True,
CDC26,True,
CDC27,True,
CDC34,True,
CDC37,True,
CDC37L1,True,
CDC40,True,
CDC42,True,
CDC42BPA,True,
CDC42BPB,True,
CDC42BPG,True,
CDC42EP1,True,
CDC42EP2,True,
CDC42EP3,True,
CDC42EP4,True,
CDC42SE2,True,
CDC5L,True,
CDC73,True,
CDCA2,True,
CDCA5,True,
CDCA7L,True,
CDCA8,True,
CDCP1,True,
CDH1,True,
CDH13,True,
CDH2,True,
CDH3,True,
CDIPT,True,
CDK1,True,
CDK11A,True,
CDK11B,True,
CDK12,True,
CDK13,True,
CDK16,True,
CDK17,True,
CDK19,True,
CDK2,True,
CDK2AP1,True,
CDK3,True,
CDK4,True,
CDK5,True,
CDK5RAP1,True,
CDK5RAP2,True,
CDK5RAP3,True,
CDK6,True,
CDK7,True,
CDK9,True,
CDKAL1,True,
CDKN1A,True,
CDKN1B,True,
CDKN2A,True,
CDKN2AIP,True,
CDKN2AIPNL,True,
CDKN2C,True,
CDPF1,True,
CDR2,True,
CDR2L,True,
CDS2,True,
CDV3,True,
CDYL,True,
CEACAM1,True,
CEACAM5,True,
CEBPB,True,
CEBPG,True,
CEBPZ,True,
CEBPZOS,True,
CELF1,True,
CELF2,True,
CELSR1,True,
CELSR2,True,
CEMIP2,True,
CENPB,True,
CENPC,True,
CENPE,True,
CENPF,True,
CENPH,True,
CENPM,True,
CENPQ,True,
CENPS-CORT,True,
CENPV,True,
CEP120,True,
CEP128,True,
CEP131,True,
CEP135,True,
CEP152,True,
CEP164,True,
CEP170,True,
CEP170B,True,
CEP192,True,
CEP250,True,
CEP290,True,
CEP350,True,
CEP41,True,
CEP43,True,
CEP44,True,
CEP55,True,
CEP57,True,
CEP63,True,
CEP76,True,
CEP78,True,
CEP85,True,
CEP89,True,
CEP97,True,
CEPT1,True,
CERS2,True,
CERS5,True,
CERS6,True,
CERT1,True,
CES1,True,
CES2,True,
CETN2,True,
CETN3,True,
CFAP20,True,
CFAP298,True,
CFAP36,True,
CFDP1,True,
CFL1,True,
CFL2,True,
CGAS,True,
CGGBP1,True,
CGN,True,
CGNL1,True,
CGREF1,True,
CHAC2,True,
CHAF1A,True,
CHAF1B,True,
CHAMP1,True,
CHCHD1,True,
CHCHD2,True,
CHCHD3,True,
CHCHD4,True,
CHCHD5,True,
CHCHD6,True,
CHCHD7,True,
CHD1,True,
CHD1L,True,
CHD2,True,
CHD3,True,
CHD4,True,
CHD5,True,
CHD6,True,
CHD7,True,
CHD8,True,
CHD9,True,
CHDH,True,
CHEK1,True,
CHEK2,True,
CHERP,True,
CHFR,True,
CHID1,True,
CHKB,True,
CHM,True,
CHML,True,
CHMP1A,True,
CHMP1B,True,
CHMP2A,True,
CHMP2B,True,
CHMP4A,True,
CHMP4B,True,
CHMP4C,True,
CHMP5,True,
CHMP6,True,
CHMP7,True,
CHORDC1,True,
CHP1,True,
CHPF,True,
CHPF2,True,
CHRAC1,True,
CHST14,True,
CHSY1,True,
CHTF18,True,
CHTOP,True,
CHUK,True,
CHURC1,True,
CIAO1,True,
CIAO2A,True,
CIAO2B,True,
CIAO3,True,
CIAPIN1,True,
CIB1,True,
CIC,True,
CINP,True,
CIP2A,True,
CIR1,True,
CIRBP,True,
CISD1,True,
CISD2,True,
CISD3,True,
CIT,True,
CIZ1,True,
CKAP2,True,
CKAP4,True,
CKAP5,True,
CKB,True,
CKMT1A,True,
CKMT2,True,
CKS1B,True,
CKS2,True,
CLASP1,True,
CLASP2,True,
CLASRP,True,
CLCC1,True,
CLCN3,True,
CLCN5,True,
CLCN7,True,
CLDN3,True,
CLDN7,True,
CLEC11A,True,
CLEC16A,True,
CLGN,True,
CLIC1,True,
CLIC3,True,
CLIC4,True,
CLINT1,True,
CLIP1,True,
CLIP2,True,
CLK1,True,
CLK2,True,
CLK3,True,
CLMN,True,
CLN5,True,
CLNS1A,True,
CLP1,True,
CLPB,True,
CLPP,True,
CLPTM1,True,
CLPTM1L,True,
CLPX,True,
CLSTN1,True,
CLTA,True,
CLTB,True,
CLTC,True,
CLU,True,
CLUH,True,
CLYBL,True,
CMAS,True,
CMBL,True,
CMC1,True,
CMC2,True,
CMC4,True,
CMIP,True,
CMPK1,True,
CMPK2,True,
CMSS1,True,
CMTM6,True,
CMTR1,True,
CMTR2,True,
CNBP,True,
CNDP2,True,
CNN1,True,
CNN2,True,
CNN3,True,
CNNM2,True,
CNNM3,True,
CNNM4,True,
CNOT1,True,
CNOT10,True,
CNOT11,True,
CNOT2,True,
CNOT3,True,
CNOT4,True,
CNOT6L,True,
CNOT7,True,
CNOT8,True,
CNOT9,True,
CNP,True,
CNPY2,True,
CNPY3,True,
CNPY4,True,
CNRIP1,True,
CNST,True,
CNTN1,True,
CNTRL,True,
CNTROB,True,
COA1,True,
COA3,True,
COA5,True,
COA6,True,
COA7,True,
COASY,True,
COBL,True,
COBLL1,True,
COG1,True,
COG2,True,
COG3,True,
COG4,True,
COG5,True,
COG6,True,
COG7,True,
COG8,True,
COIL,True,
COL12A1,True,
COL17A1,True,
COL18A1,True,
COL1A1,True,
COL1A2,True,
COL2A1,True,
COL3A1,True,
COL4A1,True,
COL4A2,True,
COL4A5,True,
COL5A1,True,
COL5A2,True,
COL6A1,True,
COL6A2,True,
COL6A3,True,
COL7A1,True,
COLGALT1,True,
COLGALT2,True,
COMMD1,True,
COMMD10,True,
COMMD2,True,
COMMD3-BMI1,True,
COMMD4,True,
COMMD5,True,
COMMD6,True,
COMMD7,True,
COMMD8,True,
COMMD9,True,
COMT,True,
COMTD1,True,
COP1,True,
COPA,True,
COPB1,True,
COPB2,True,
COPE,True,
COPG1,True,
COPG2,True,
COPRS,True,
COPS2,True,
COPS3,True,
COPS4,True,
COPS5,True,
COPS6,True,
COPS7A,True,
COPS7B,True,
COPS8,True,
COPZ1,True,
COQ10B,True,
COQ3,True,
COQ5,True,
COQ6,True,
COQ7,True,
COQ8A,True,
COQ8B,True,
COQ9,True,
CORO1A,True,
CORO1B,True,
CORO1C,True,
CORO2A,True,
CORO2B,True,
CORO6,True,
CORO7,True,
COTL1,True,
COX11,True,
COX15,True,
COX17,True,
COX19,True,
COX2,True,
COX20,True,
COX4I1,True,
COX5A,True,
COX5B,True,
COX6A1,True,
COX6B1,True,
COX6C,True,
COX7A2,True,
COX7A2L,True,
COX7B,True,
COX7C,True,
CP,True,
CPA4,True,
CPD,True,
CPE,True,
CPEB4,True,
CPM,True,
CPNE1,True,
CPNE2,True,
CPNE3,True,
CPNE5,True,
CPNE7,True,
CPNE8,True,
CPOX,True,
CPPED1,True,
CPQ,True,
CPS1,True,
CPSF1,True,
CPSF2,True,
CPSF3,True,
CPSF4,True,
CPSF6,True,
CPSF7,True,
CPT1A,True,
CPT2,True,
CPVL,True,
CRABP1,True,
CRABP2,True,
CRACD,True,
CRACR2A,True,
CRAT,True,
CRBN,True,
CRCP,True,
CREB1,True,
CREB5,True,
CREBBP,True,
CREG1,True,
CRELD1,True,
CRELD2,True,
CRIM1,True,
CRIP1,True,
CRIP2,True,
CRIPT,True,
CRK,True,
CRKL,True,
CRLF3,True,
CRMP1,True,
CRNKL1,True,
CROCC,True,
CROT,True,
CRTAP,True,
CRTC1,True,
CRTC2,True,
CRTC3,True,
CRYAB,True,
CRYBG1,True,
CRYBG3,True,
CRYL1,True,
CRYZ,True,
CRYZL1,True,
CS,True,
CSDE1,True,
CSE1L,True,
CSK,True,
CSNK1A1,True,
CSNK1D,True,
CSNK1G3,True,
CSNK2A1,True,
CSNK2A2,True,
CSNK2B,True,
CSPG4,True,
CSRP1,True,
CSRP2,True,
CSRP3,True,
CST3,True,
CSTA,True,
CSTB,True,
CSTF1,True,
CSTF2,True,
CSTF2T,True,
CSTF3,True,
CTBP1,True,
CTBP2,True,
CTBS,True,
CTCF,True,
CTDP1,True,
CTDSPL2,True,
CTH,True,
CTHRC1,True,
CTIF,True,
CTNNA1,True,
CTNNA2,True,
CTNNB1,True,
CTNNBL1,True,
CTNND1,True,
CTNND2,True,
CTPS1,True,
CTPS2,True,
CTR9,True,
CTSA,True,
CTSB,True,
CTSC,True,
CTSD,True,
CTSF,True,
CTSH,True,
CTSL,True,
CTSS,True,
CTSV,True,
CTSZ,True,
CTTN,True,
CTTNBP2NL,True,
CTU1,True,
CTU2,True,
CUEDC1,True,
CUEDC2,True,
CUL1,True,
CUL2,True,
CUL3,True,
CUL4A,True,
CUL4B,True,
CUL5,True,
CUL7,True,
CUTA,True,
CUTC,True,
CUX1,True,
CWC15,True,
CWC22,True,
CWC25,True,
CWC27,True,
CWF19L1,True,
CWF19L2,True,
CXADR,True,
CXXC1,True,
CXXC5,True,
CXorf38,True,
CYB561,True,
CYB5A,True,
CYB5B,True,
CYB5R1,True,
CYB5R2,True,
CYB5R3,True,
CYB5R4,True,
CYBA,True,
CYBC1,True,
CYBRD1,True,
CYC1,True,
CYCS,True,
CYFIP1,True,
CYFIP2,True,
CYLD,True,
CYP1B1,True,
CYP20A1,True,
CYP27A1,True,
CYP2S1,True,
CYP51A1,True,
CYRIB,True,
CYTH1,True,
CYTH2,True,
CZIB,True,
D2HGDH,True,
DAAM1,True,
DAB2,True,
DAB2IP,True,
DACH1,True,
DAD1,True,
DAG1,True,
DAGLB,True,
DAP,True,
DAP3,True,
DAPK1,True,
DAPK3,True,
DARS1,True,
DARS2,True,
DAXX,True,
DAZAP1,True,
DBI,True,
DBN1,True,
DBNL,True,
DBR1,True,
DBT,True,
DCAF1,True,
DCAF10,True,
DCAF11,True,
DCAF13,True,
DCAF16,True,
DCAF5,True,
DCAF6,True,
DCAF7,True,
DCAKD,True,
DCBLD2,True,
DCD,True,
DCK,True,
DCLK1,True,
DCP1A,True,
DCP1B,True,
DCP2,True,
DCPS,True,
DCTD,True,
DCTN1,True,
DCTN2,True,
DCTN3,True,
DCTN4,True,
DCTN5,True,
DCTN6,True,
DCTPP1,True,
DCUN1D1,True,
DCUN1D3,True,
DCUN1D4,True,
DCUN1D5,True,
DCXR,True,
DDA1,True,
DDAH1,True,
DDAH2,True,
DDB1,True,
DDB2,True,
DDHD1,True,
DDHD2,True,
DDI2,True,
DDOST,True,
DDR1,True,
DDRGK1,True,
DDT,True,
DDX1,True,
DDX10,True,
DDX17,True,
DDX18,True,
DDX19A,True,
DDX19B,True,
DDX20,True,
DDX21,True,
DDX23,True,
DDX24,True,
DDX27,True,
DDX28,True,
DDX31,True,
DDX39A,True,
DDX39B,True,
DDX3X,True,
DDX4,True,
DDX41,True,
DDX42,True,
DDX46,True,
DDX47,True,
DDX49,True,
DDX5,True,
DDX50,True,
DDX51,True,
DDX52,True,
DDX54,True,
DDX55,True,
DDX56,True,
DDX59,True,
DDX6,True,
DDX60,True,
DDX60L,True,
DECR1,True,
DECR2,True,
DEF6,True,
DEGS1,True,
DEK,True,
DENND10,True,
DENND1A,True,
DENND2B,True,
DENND4A,True,
DENND4C,True,
DENND6A,True,
DENR,True,
DEPTOR,True,
DERA,True,
DERL1,True,
DERL2,True,
DES,True,
DESI1,True,
DFFA,True,
DGCR8,True,
DGKA,True,
DGKH,True,
DGKZ,True,
DGLUCY,True,
DGUOK,True,
DHCR24,True,
DHCR7,True,
DHDDS,True,
DHFR,True,
DHFR2,True,
DHODH,True,
DHPS,True,
DHRS1,True,
DHRS11,True,
DHRS13,True,
DHRS2,True,
DHRS3,True,
DHRS4,True,
DHRS7,True,
DHRS7B,True,
DHRSX,True,
DHTKD1,True,
DHX15,True,
DHX16,True,
DHX29,True,
DHX30,True,
DHX32,True,
DHX33,True,
DHX34,True,
DHX35,True,
DHX36,True,
DHX37,True,
DHX38,True,
DHX40,True,
DHX57,True,
DHX8,True,
DHX9,True,
DIABLO,True,
DIAPH1,True,
DIAPH2,True,
DIAPH3,True,
DICER1,True,
DIDO1,True,
DIMT1,True,
DIP2A,True,
DIP2B,True,
DIPK2A,True,
DIS3,True,
DIS3L,True,
DIS3L2,True,
DKC1,True,
DLAT,True,
DLD,True,
DLG1,True,
DLG2,True,
DLG3,True,
DLG5,True,
DLGAP4,True,
DLGAP5,True,
DLST,True,
DMAC2,True,
DMAC2L,True,
DMAP1,True,
DMD,True,
DMTN,True,
DMXL1,True,
DMXL2,True,
DNAAF10,True,
DNAAF2,True,
DNAAF5,True,
DNAH5,True,
DNAJA1,True,
DNAJA2,True,
DNAJA3,True,
DNAJA4,True,
DNAJB1,True,
DNAJB11,True,
DNAJB12,True,
DNAJB14,True,
DNAJB2,True,
DNAJB4,True,
DNAJB6,True,
DNAJC1,True,
DNAJC10,True,
DNAJC11,True,
DNAJC13,True,
DNAJC16,True,
DNAJC17,True,
DNAJC19,True,
DNAJC2,True,
DNAJC21,True,
DNAJC25,True,
DNAJC3,True,
DNAJC5,True,
DNAJC7,True,
DNAJC8,True,
DNAJC9,True,
DNAL1,True,
DNASE2,True,
DNLZ,True,
DNM1,True,
DNM1L,True,
DNM2,True,
DNMBP,True,
DNMT1,True,
DNMT3A,True,
DNPEP,True,
DNPH1,True,
DNTTIP1,True,
DNTTIP2,True,
DOCK1,True,
DOCK10,True,
DOCK11,True,
DOCK5,True,
DOCK6,True,
DOCK7,True,
DOCK9,True,
DOHH,True,
DOK1,True,
DOP1B,True,
DOT1L,True,
DPAGT1,True,
DPCD,True,
DPF2,True,
DPH1,True,
DPH2,True,
DPH5,True,
DPH6,True,
DPM1,True,
DPM3,True,
DPP3,True,
DPP4,True,
DPP7,True,
DPP8,True,
DPP9,True,
DPY19L1,True,
DPY30,True,
DPYD,True,
DPYSL2,True,
DPYSL3,True,
DR1,True,
DRAP1,True,
DRG1,True,
DRG2,True,
DROSHA,True,
DSC2,True,
DSC3,True,
DSCC1,True,
DSG2,True,
DSG3,True,
DSN1,True,
DSP,True,
DST,True,
DSTN,True,
DTD1,True,
DTL,True,
DTNA,True,
DTNB,True,
DTNBP1,True,
DTX2,True,
DTX3L,True,
DTYMK,True,
DUS1L,True,
DUS2,True,
DUS3L,True,
DUSP11,True,
DUSP12,True,
DUSP23,True,
DUSP3,True,
DUT,True,
DVL2,True,
DVL3,True,
DXO,True,
DYM,True,
DYNC1H1,True,
DYNC1I2,True,
DYNC1LI1,True,
DYNC1LI2,True,
DYNC2H1,True,
DYNC2I2,True,
DYNLL1,True,
DYNLL2,True,
DYNLRB1,True,
DYNLT1,True,
DYNLT3,True,
DYRK1A,True,
DYSF,True,
E2F3,True,
E2F4,True,
E2F5,True,
EAF1,True,
EAPP,True,
EARS2,True,
EBAG9,True,
EBNA1BP2,True,
ECD,True,
ECE1,True,
ECH1,True,
ECHDC1,True,
ECHDC3,True,
ECHS1,True,
ECI1,True,
ECI2,True,
ECM1,True,
ECSIT,True,
ECT2,True,
EDC3,True,
EDC4,True,
EDEM3,True,
EDF1,True,
EDIL3,True,
EDRF1,True,
EEA1,True,
EED,True,
EEF1A1,True,
EEF1A2,True,
EEF1B2,True,
EEF1D,True,
EEF1E1,True,
EEF1G,True,
EEF2,True,
EEF2K,True,
EEFSEC,True,
EEPD1,True,
EFCAB14,True,
EFEMP1,True,
EFHD1,True,
EFHD2,True,
EFL1,True,
EFNB1,True,
EFNB2,True,
EFR3A,True,
EFTUD2,True,
EGFR,True,
EGLN1,True,
EHBP1,True,
EHBP1L1,True,
EHD1,True,
EHD2,True,
EHD3,True,
EHD4,True,
EHHADH,True,
EHMT1,True,
EHMT2,True,
EI24,True,
EIF1,True,
EIF1AD,True,
EIF2A,True,
EIF2AK2,True,
EIF2AK3,True,
EIF2AK4,True,
EIF2B1,True,
EIF2B2,True,
EIF2B3,True,
EIF2B4,True,
EIF2B5,True,
EIF2D,True,
EIF2S1,True,
EIF2S2,True,
EIF2S3,True,
EIF3A,True,
EIF3B,True,
EIF3CL,True,
EIF3D,True,
EIF3E,True,
EIF3F,True,
EIF3H,True,
EIF3I,True,
EIF3J,True,
EIF3K,True,
EIF3L,True,
EIF3M,True,
EIF4A1,True,
EIF4A2,True,
EIF4A3,True,
EIF4B,True,
EIF4E,True,
EIF4E2,True,
EIF4EBP1,True,
EIF4EBP2,True,
EIF4ENIF1,True,
EIF4G1,True,
EIF4G2,True,
EIF4G3,True,
EIF4H,True,
EIF5,True,
EIF5A,True,
EIF5B,True,
EIF6,True,
EIPR1,True,
ELAC2,True,
ELAVL1,True,
ELAVL4,True,
ELF1,True,
ELF2,True,
ELF3,True,
ELL,True,
ELMO1,True,
ELMO2,True,
ELMO3,True,
ELMOD2,True,
ELOA,True,
ELOB,True,
ELOC,True,
ELOF1,True,
ELOVL1,True,
ELOVL5,True,
ELP1,True,
ELP2,True,
ELP3,True,
ELP4,True,
ELP5,True,
ELP6,True,
EMC1,True,
EMC10,True,
EMC2,True,
EMC3,True,
EMC4,True,
EMC7,True,
EMC8,True,
EMD,True,
EME1,True,
EMG1,True,
EML1,True,
EML2,True,
EML3,True,
EML4,True,
EMSY,True,
ENAH,True,
ENDOD1,True,
ENDOG,True,
ENG,True,
ENGASE,True,
ENO1,True,
ENO2,True,
ENO3,True,
ENOPH1,True,
ENOSF1,True,
ENPP1,True,
ENPP4,True,
ENSA,True,
ENTPD5,True,
ENTPD6,True,
ENTR1,True,
ENY2,True,
EOGT,True,
EP300,True,
EP400,True,
EPB41,True,
EPB41L1,True,
EPB41L2,True,
EPB41L3,True,
EPB41L5,True,
EPC1,True,
EPC2,True,
EPCAM,True,
EPG5,True,
EPHA6,True,
EPHB2,True,
EPHB3,True,
EPHB4,True,
EPHX1,True,
EPHX2,True,
EPM2AIP1,True,
EPN1,True,
EPN2,True,
EPPK1,True,
EPRS1,True,
EPS15,True,
EPS15L1,True,
EPS8,True,
EPS8L1,True,
EPS8L2,True,
ERAL1,True,
ERAP1,True,
ERAP2,True,
ERBB2,True,
ERBB3,True,
ERBB4,True,
ERBIN,True,
ERC1,True,
ERCC1,True,
ERCC2,True,
ERCC3,True,
ERCC4,True,
ERCC6,True,
ERCC6L,True,
ERF,True,
ERGIC1,True,
ERGIC2,True,
ERGIC3,True,
ERH,True,
ERI1,True,
ERI3,True,
ERICH1,True,
ERLEC1,True,
ERLIN1,True,
ERLIN2,True,
ERMP1,True,
ERO1A,True,
ERO1B,True,
ERP29,True,
ERP44,True,
ESAM,True,
ESCO1,True,
ESD,True,
ESF1,True,
ESRP1,True,
ESRP2,True,
ESS2,True,
ESYT1,True,
ESYT2,True,
ETF1,True,
ETFA,True,
ETFB,True,
ETFDH,True,
ETHE1,True,
ETNK1,True,
ETS1,True,
ETV3,True,
ETV6,True,
EVL,True,
EVPL,True,
EWSR1,True,
EXD2,True,
EXOC1,True,
EXOC2,True,
EXOC3,True,
EXOC4,True,
EXOC5,True,
EXOC6,True,
EXOC6B,True,
EXOC7,True,
EXOC8,True,
EXOG,True,
EXOSC1,True,
EXOSC10,True,
EXOSC2,True,
EXOSC3,True,
EXOSC4,True,
EXOSC5,True,
EXOSC6,True,
EXOSC7,True,
EXOSC8,True,
EXOSC9,True,
EXPH5,True,
EXT2,True,
EXTL2,True,
EYA3,True,
EZH1,True,
EZH2,True,
EZR,True,
F11R,True,
F2,True,
F3,True,
F5,True,
F8,True,
FAAH,True,
FAAP100,True,
FABP3,True,
FABP5,True,
FABP7,True,
FADD,True,
FADS1,True,
FADS2,True,
FAF1,True,
FAF2,True,
FAH,True,
FAHD1,True,
FAHD2A,True,
FAHD2B,True,
FAIM,True,
FAM107B,True,
FAM111A,True,
FAM111B,True,
FAM114A1,True,
FAM114A2,True,
FAM117B,True,
FAM118B,True,
FAM120A,True,
FAM120B,True,
FAM120C,True,
FAM133A,True,
FAM136A,True,
FAM162A,True,
FAM169A,True,
FAM177A1,True,
FAM185A,True,
FAM193A,True,
FAM193B,True,
FAM20B,True,
FAM210A,True,
FAM210B,True,
FAM234A,True,
FAM241A,True,
FAM241B,True,
FAM32A,True,
FAM3A,True,
FAM3C,True,
FAM50A,True,
FAM76A,True,
FAM76B,True,
FAM83B,True,
FAM83D,True,
FAM83G,True,
FAM83H,True,
FAM89A,True,
FAM89B,True,
FAM8A1,True,
FAM91A1,True,
FAM98A,True,
FAM98B,True,
FAM98C,True,
FANCD2,True,
FANCI,True,
FAR1,True,
FARP1,True,
FARP2,True,
FARS2,True,
FARSA,True,
FARSB,True,
FAS,True,
FASN,True,
FASTKD1,True,
FASTKD2,True,
FASTKD5,True,
FAT1,True,
FBL,True,
FBLIM1,True,
FBLN1,True,
FBN1,True,
FBN2,True,
FBP1,True,
FBRS,True,
FBXL18,True,
FBXL20,True,
FBXL6,True,
FBXO11,True,
FBXO2,True,
FBXO22,True,
FBXO28,True,
FBXO3,True,
FBXO30,True,
FBXO38,True,
FBXO4,True,
FBXO45,True,
FBXO6,True,
FBXO7,True,
FCF1,True,
FCGRT,True,
FCHO2,True,
FCHSD1,True,
FCHSD2,True,
FCSK,True,
FDFT1,True,
FDPS,True,
FDX1,True,
FDX2,True,
FDXR,True,
FECH,True,
FEM1B,True,
FEN1,True,
FER,True,
FERMT1,True,
FERMT2,True,
FERMT3,True,
FEZ2,True,
FGD1,True,
FGD3,True,
FGD4,True,
FGD6,True,
FGF2,True,
FGFR1,True,
FGFR1OP2,True,
FH,True,
FHIP1B,True,
FHIP2A,True,
FHIT,True,
FHL1,True,
FHL3,True,
FHOD1,True,
FIBP,True,
FIG4,True,
FIGNL1,True,
FILIP1L,True,
FIP1L1,True,
FIS1,True,
FIZ1,True,
FKBP10,True,
FKBP11,True,
FKBP14,True,
FKBP15,True,
FKBP1A,True,
FKBP2,True,
FKBP3,True,
FKBP4,True,
FKBP5,True,
FKBP7,True,
FKBP8,True,
FKBP9,True,
FKBPL,True,
FLAD1,True,
FLCN,True,
FLII,True,
FLNA,True,
FLNB,True,
FLNC,True,
FLOT1,True,
FLOT2,True,
FLT4,True,
FLVCR1,True,
FLYWCH1,True,
FLYWCH2,True,
FMN1,True,
FMNL1,True,
FMNL2,True,
FMNL3,True,
FMR1,True,
FN1,True,
FN3K,True,
FN3KRP,True,
FNBP1,True,
FNBP1L,True,
FNBP4,True,
FNDC3A,True,
FNDC3B,True,
FNIP1,True,
FNTA,True,
FNTB,True,
FOCAD,True,
FOSL2,True,
FOXA1,True,
FOXJ2,True,
FOXJ3,True,
FOXK1,True,
FOXK2,True,
FOXO3,True,
FOXP1,True,
FOXP4,True,
FOXRED1,True,
FPGS,True,
FPGT,True,
FRA10AC1,True,
FRG1,True,
FRK,True,
FRMD4A,True,
FRMD6,True,
FRMD8,True,
FRS2,True,
FRY,True,
FRYL,True,
FSCN1,True,
FSTL1,True,
FTH1,True,
FTL,True,
FTO,True,
FTSJ1,True,
FTSJ3,True,
FUBP1,True,
FUBP3,True,
FUCA1,True,
FUCA2,True,
FUNDC2,True,
FURIN,True,
FUS,True,
FUT11,True,
FUT8,True,
FXN,True,
FXR1,True,
FXR2,True,
FYCO1,True,
FYN,True,
FYTTD1,True,
FZD1,True,
FZD6,True,
FZD7,True,
G3BP1,True,
G3BP2,True,
G6PD,True,
GAA,True,
GAB1,True,
GAB2,True,
GABARAPL1,True,
GABARAPL2,True,
GABPA,True,
GABPB1,True,
GADD45GIP1,True,
GAK,True,
GALC,True,
GALE,True,
GALK1,True,
GALK2,True,
GALM,True,
GALNS,True,
GALNT1,True,
GALNT10,True,
GALNT2,True,
GALNT3,True,
GALNT5,True,
GALNT6,True,
GALNT7,True,
GALT,True,
GAMT,True,
GAN,True,
GANAB,True,
GAPDH,True,
GAPDHS,True,
GAPVD1,True,
GAR1,True,
GARRE1,True,
GARS1,True,
GART,True,
GAS6,True,
GAS7,True,
GATAD1,True,
GATAD2A,True,
GATAD2B,True,
GATB,True,
GATC,True,
GATD1,True,
GATD3,True,
GATM,True,
GBA1,True,
GBA2,True,
GBE1,True,
GBF1,True,
GBP1,True,
GBP2,True,
GBP3,True,
GC,True,
GCA,True,
GCAT,True,
GCC1,True,
GCC2,True,
GCDH,True,
GCFC2,True,
GCHFR,True,
GCLC,True,
GCLM,True,
GCN1,True,
GCSH,True,
GDAP1,True,
GDAP2,True,
GDE1,True,
GDF15,True,
GDI1,True,
GDI2,True,
GDPD1,True,
GDPGP1,True,
GEMIN2,True,
GEMIN4,True,
GEMIN5,True,
GEMIN6,True,
GEMIN7,True,
GEMIN8,True,
GET3,True,
GET4,True,
GFER,True,
GFM1,True,
GFM2,True,
GFPT1,True,
GFPT2,True,
GFUS,True,
GGA1,True,
GGA2,True,
GGA3,True,
GGACT,True,
GGCT,True,
GGCX,True,
GGH,True,
GGNBP2,True,
GGPS1,True,
GGT1,True,
GGT7,True,
GHDC,True,
GHITM,True,
GID8,True,
GIGYF2,True,
GINS1,True,
GINS2,True,
GINS3,True,
GINS4,True,
GIPC1,True,
GIT1,True,
GIT2,True,
GJA1,True,
GK,True,
GLA,True,
GLB1,True,
GLCCI1,True,
GLCE,True,
GLDC,True,
GLE1,True,
GLG1,True,
GLIPR1,True,
GLIPR2,True,
GLMN,True,
GLMP,True,
GLO1,True,
GLOD4,True,
GLRX,True,
GLRX2,True,
GLRX3,True,
GLRX5,True,
GLS,True,
GLT8D1,True,
GLTP,True,
GLUD1,True,
GLUD2,True,
GLUL,True,
GLYR1,True,
GM2A,True,
GMDS,True,
GMEB1,True,
GMEB2,True,
GMFB,True,
GMFG,True,
GMIP,True,
GMNN,True,
GMPPA,True,
GMPPB,True,
GMPR,True,
GMPR2,True,
GMPS,True,
GNA11,True,
GNA12,True,
GNA13,True,
GNAI1,True,
GNAI2,True,
GNAI3,True,
GNAO1,True,
GNAQ,True,
GNAS,True,
GNB1,True,
GNB1L,True,
GNB2,True,
GNB3,True,
GNB4,True,
GNE,True,
GNG10,True,
GNG12,True,
GNG5,True,
GNL1,True,
GNL2,True,
GNL3,True,
GNL3L,True,
GNPAT,True,
GNPDA1,True,
GNPDA2,True,
GNPNAT1,True,
GNPTG,True,
GNS,True,
GOLGA1,True,
GOLGA2,True,
GOLGA3,True,
GOLGA4,True,
GOLGA5,True,
GOLGA7,True,
GOLGA7B,True,
GOLGB1,True,
GOLIM4,True,
GOLM1,True,
GOLM2,True,
GOLPH3,True,
GOLPH3L,True,
GOLT1B,True,
GON4L,True,
GOPC,True,
GORAB,True,
GORASP1,True,
GORASP2,True,
GOSR1,True,
GOSR2,True,
GOT1,True,
GOT2,True,
GPAA1,True,
GPALPP1,True,
GPAT4,True,
GPATCH1,True,
GPATCH11,True,
GPATCH2,True,
GPATCH4,True,
GPATCH8,True,
GPBP1L1,True,
GPC1,True,
GPC4,True,
GPC6,True,
GPCPD1,True,
GPD1L,True,
GPD2,True,
GPHN,True,
GPI,True,
GPKOW,True,
GPN1,True,
GPN3,True,
GPNMB,True,
GPR107,True,
GPR108,True,
GPR180,True,
GPRC5A,True,
GPRC5C,True,
GPRIN1,True,
GPS1,True,
GPS2,True,
GPSM1,True,
GPSM2,True,
GPT2,True,
GPX1,True,
GPX4,True,
GPX7,True,
GPX8,True,
GRAMD1A,True,
GRAMD1C,True,
GRAMD4,True,
GRB2,True,
GRB7,True,
GRHL2,True,
GRHPR,True,
GRIP1,True,
GRIPAP1,True,
GRK2,True,
GRK6,True,
GRN,True,
GRPEL1,True,
GRPEL2,True,
GRSF1,True,
GRWD1,True,
GSDMD,True,
GSDME,True,
GSE1,True,
GSK3A,True,
GSK3B,True,
GSN,True,
GSPT1,True,
GSPT2,True,
GSR,True,
GSS,True,
GSTCD,True,
GSTK1,True,
GSTM1,True,
GSTM2,True,
GSTM3,True,
GSTM4,True,
GSTO1,True,
GSTP1,True,
GSTT1,True,
GSTZ1,True,
GTF2A1,True,
GTF2A2,True,
GTF2B,True,
GTF2E1,True,
GTF2E2,True,
GTF2F1,True,
GTF2F2,True,
GTF2H1,True,
GTF2H2C,True,
GTF2H3,True,
GTF2H4,True,
GTF2H5,True,
GTF2I,True,
GTF2IRD1,True,
GTF3C1,True,
GTF3C2,True,
GTF3C3,True,
GTF3C4,True,
GTF3C5,True,
GTF3C6,True,
GTPBP1,True,
GTPBP10,True,
GTPBP2,True,
GTPBP3,True,
GTPBP4,True,
GTPBP6,True,
GTSE1,True,
GUF1,True,
GUK1,True,
GULP1,True,
GUSB,True,
GXYLT1,True,
GYG1,True,
GYS1,True,
GZF1,True,
H1-0,True,
H1-1,True,
H1-10,True,
H1-2,True,
H1-3,True,
H1-4,True,
H1-5,True,
H2AC21,True,
H2AX,True,
H2BC1,True,
H4C15,True,
H6PD,True,
HABP4,True,
HACD2,True,
HACD3,True,
HACL1,True,
HADH,True,
HADHA,True,
HADHB,True,
HAGH,True,
HAGHL,True,
HARS1,True,
HARS2,True,
HAT1,True,
HAUS1,True,
HAUS2,True,
HAUS3,True,
HAUS4,True,
HAUS5,True,
HAUS6,True,
HAUS7,True,
HAUS8,True,
HAX1,True,
HBD,True,
HBE1,True,
HBG1,True,
HBS1L,True,
HCCS,True,
HCFC1,True,
HCFC2,True,
HCLS1,True,
HDAC1,True,
HDAC3,True,
HDAC4,True,
HDAC5,True,
HDAC6,True,
HDAC7,True,
HDDC2,True,
HDDC3,True,
HDGF,True,
HDGFL2,True,
HDGFL3,True,
HDHD2,True,
HDHD3,True,
HDHD5,True,
HDLBP,True,
HEATR1,True,
HEATR3,True,
HEATR5A,True,
HEATR5B,True,
HEATR6,True,
HEBP1,True,
HEBP2,True,
HECA,True,
HECTD1,True,
HECTD3,True,
HECTD4,True,
HEG1,True,
HELLS,True,
HELZ,True,
HELZ2,True,
HERC1,True,
HERC2,True,
HERC4,True,
HERC5,True,
HERPUD1,True,
HES1,True,
HEXA,True,
HEXB,True,
HEXIM1,True,
HEXIM2,True,
HGF,True,
HGFAC,True,
HGH1,True,
HGS,True,
HIBADH,True,
HIBCH,True,
HID1,True,
HIF1AN,True,
HIKESHI,True,
HINT1,True,
HINT2,True,
HINT3,True,
HIP1,True,
HIP1R,True,
HIRA,True,
HIRIP3,True,
HIVEP1,True,
HIVEP2,True,
HJURP,True,
HK2,True,
HK3,True,
HLA-A,True,
HLA-B,True,
HLA-C,True,
HLA-DPA1,True,
HLA-DRA,True,
HLA-DRB1,True,
HLA-DRB3,True,
HLA-E,True,
HLA-F,True,
HLCS,True,
HLTF,True,
HM13,True,
HMBOX1,True,
HMBS,True,
HMCES,True,
HMG20A,True,
HMG20B,True,
HMGA1,True,
HMGB1,True,
HMGB2,True,
HMGB3,True,
HMGCL,True,
HMGCS1,True,
HMGN1,True,
HMGN2,True,
HMGN3,True,
HMGN4,True,
HMGN5,True,
HMGXB4,True,
HMMR,True,
HMOX1,True,
HMOX2,True,
HNMT,True,
HNRNPA0,True,
HNRNPA1,True,
HNRNPA2B1,True,
HNRNPA3,True,
HNRNPC,True,
HNRNPD,True,
HNRNPDL,True,
HNRNPF,True,
HNRNPH1,True,
HNRNPH2,True,
HNRNPH3,True,
HNRNPK,True,
HNRNPL,True,
HNRNPLL,True,
HNRNPM,True,
HNRNPR,True,
HNRNPU,True,
HNRNPUL1,True,
HNRNPUL2,True,
HOMER1,True,
HOMER2,True,
HOMER3,True,
HOMEZ,True,
HOOK1,True,
HOOK2,True,
HOOK3,True,
HP1BP3,True,
HPCA,True,
HPCAL1,True,
HPCAL4,True,
HPF1,True,
HPGD,True,
HPRT1,True,
HPS3,True,
HPS5,True,
HPS6,True,
HRAS,True,
HS1BP3,True,
HS2ST1,True,
HSBP1,True,
HSCB,True,
HSD17B10,True,
HSD17B11,True,
HSD17B12,True,
HSD17B4,True,
HSD17B7,True,
HSD17B8,True,
HSDL1,True,
HSDL2,True,
HSF1,True,
HSP90AA1,True,
HSP90AB1,True,
HSP90B1,True,
HSPA12A,True,
HSPA13,True,
HSPA14,True,
HSPA1L,True,
HSPA2,True,
HSPA4,True,
HSPA4L,True,
HSPA5,True,
HSPA6,True,
HSPA8,True,
HSPA9,True,
HSPB1,True,
HSPB8,True,
HSPBAP1,True,
HSPBP1,True,
HSPD1,True,
HSPE1,True,
HSPG2,True,
HSPH1,True,
HTATIP2,True,
HTATSF1,True,
HTRA1,True,
HTRA2,True,
HTT,True,
HUS1,True,
HUWE1,True,
HYCC1,True,
HYCC2,True,
HYI,True,
HYOU1,True,
HYPK,True,
IAH1,True,
IARS1,True,
IARS2,True,
IBA57,True,
IBTK,True,
ICAM1,True,
ICAM2,True,
ICE1,True,
ICE2,True,
ICMT,True,
IDE,True,
IDH1,True,
IDH2,True,
IDH3A,True,
IDH3B,True,
IDH3G,True,
IDI1,True,
IDS,True,
IDUA,True,
IFI16,True,
IFI30,True,
IFI35,True,
IFIH1,True,
IFIT1,True,
IFIT2,True,
IFIT3,True,
IFIT5,True,
IFITM3,True,
IFNGR1,True,
IFRD1,True,
IFT140,True,
IFT172,True,
IFT20,True,
IFT22,True,
IFT25,True,
IFT27,True,
IFT56,True,
IFT57,True,
IFT74,True,
IFT81,True,
IGBP1,True,
IGF1R,True,
IGF2BP1,True,
IGF2BP2,True,
IGF2BP3,True,
IGF2R,True,
IGFBP2,True,
IGFBP3,True,
IGFBP4,True,
IGFBP6,True,
IGFBP7,True,
IGHMBP2,True,
IGSF3,True,
IGSF8,True,
IK,True,
IKBIP,True,
IKBKB,True,
IKBKG,True,
IL18,True,
IL1RAP,True,
IL6ST,True,
ILF2,True,
ILF3,True,
ILK,True,
ILKAP,True,
ILRUN,True,
ILVBL,True,
IMMT,True,
IMP3,True,
IMP4,True,
IMPA1,True,
IMPA2,True,
IMPACT,True,
IMPDH1,True,
IMPDH2,True,
INCENP,True,
INF2,True,
ING1,True,
ING3,True,
ING4,True,
ING5,True,
INIP,True,
INO80,True,
INO80B,True,
INO80C,True,
INO80E,True,
INPP1,True,
INPP4A,True,
INPP4B,True,
INPP5A,True,
INPP5B,True,
INPP5D,True,
INPP5F,True,
INPP5K,True,
INPPL1,True,
INSR,True,
INTS1,True,
INTS10,True,
INTS11,True,
INTS12,True,
INTS13,True,
INTS14,True,
INTS2,True,
INTS3,True,
INTS4,True,
INTS5,True,
INTS6,True,
INTS7,True,
INTS8,True,
INTS9,True,
IP6K1,True,
IPO11,True,
IPO13,True,
IPO4,True,
IPO5,True,
IPO7,True,
IPO8,True,
IPO9,True,
IQGAP1,True,
IQGAP2,True,
IQGAP3,True,
IQSEC1,True,
IQSEC2,True,
IRAK1,True,
IRAK4,True,
IREB2,True,
IRF2,True,
IRF2BP1,True,
IRF2BP2,True,
IRF2BPL,True,
IRF3,True,
IRF6,True,
IRF9,True,
IRGQ,True,
IRS1,True,
IRS2,True,
ISCA1,True,
ISCA2,True,
ISCU,True,
ISG15,True,
ISG20,True,
ISG20L2,True,
ISOC1,True,
ISOC2,True,
IST1,True,
ISY1-RAB43,True,
ISYNA1,True,
ITCH,True,
ITFG1,True,
ITFG2,True,
ITGA1,True,
ITGA2,True,
ITGA2B,True,
ITGA3,True,
ITGA4,True,
ITGA5,True,
ITGA6,True,
ITGAV,True,
ITGB1,True,
ITGB2,True,
ITGB3,True,
ITGB4,True,
ITGB5,True,
ITGB6,True,
ITGB8,True,
ITIH2,True,
ITIH3,True,
ITM2B,True,
ITPA,True,
ITPK1,True,
ITPKB,True,
ITPKC,True,
ITPR2,True,
ITPR3,True,
ITPRID2,True,
ITSN1,True,
ITSN2,True,
IVD,True,
IVL,True,
IVNS1ABP,True,
IWS1,True,
JADE2,True,
JADE3,True,
JAG1,True,
JAGN1,True,
JAK1,True,
JAM3,True,
JCAD,True,
JMJD1C,True,
JMJD6,True,
JMY,True,
JPH1,True,
JPT1,True,
JPT2,True,
JTB,True,
JUN,True,
JUNB,True,
JUND,True,
JUP,True,
KANK1,True,
KANK2,True,
KANK4,True,
KANSL1,True,
KANSL2,True,
KANSL3,True,
KARS1,True,
KAT14,True,
KAT2A,True,
KAT5,True,
KAT6A,True,
KAT6B,True,
KAT7,True,
KAT8,True,
KATNA1,True,
KATNAL1,True,
KATNB1,True,
KAZN,True,
KBTBD11,True,
KBTBD2,True,
KCMF1,True,
KCNAB2,True,
KCTD10,True,
KCTD12,True,
KCTD13,True,
KCTD15,True,
KCTD18,True,
KCTD3,True,
KCTD5,True,
KCTD9,True,
KDELR3,True,
KDM1A,True,
KDM1B,True,
KDM2A,True,
KDM2B,True,
KDM3A,True,
KDM3B,True,
KDM4A,True,
KDM4B,True,
KDM5A,True,
KDM5B,True,
KDM5C,True,
KDM5D,True,
KDM6A,True,
KDSR,True,
KEAP1,True,
KGD4,True,
KHDC4,True,
KHDRBS1,True,
KHDRBS3,True,
KHK,True,
KHNYN,True,
KHSRP,True,
KIAA0319L,True,
KIAA1143,True,
KIAA1191,True,
KIAA1217,True,
KIAA1671,True,
KIAA2013,True,
KIDINS220,True,
KIF11,True,
KIF13A,True,
KIF13B,True,
KIF14,True,
KIF15,True,
KIF16B,True,
KIF1A,True,
KIF1B,True,
KIF1C,True,
KIF20A,True,
KIF20B,True,
KIF21A,True,
KIF22,True,
KIF23,True,
KIF2A,True,
KIF2C,True,
KIF3A,True,
KIF3B,True,
KIF3C,True,
KIF4A,True,
KIF4B,True,
KIF5A,True,
KIF5B,True,
KIF5C,True,
KIFAP3,True,
KIFBP,True,
KIFC1,True,
KIFC3,True,
KIN,True,
KLC1,True,
KLC2,True,
KLC3,True,
KLC4,True,
KLF13,True,
KLF16,True,
KLHDC4,True,
KLHL11,True,
KLHL13,True,
KLHL7,True,
KLK6,True,
KMT2A,True,
KMT2B,True,
KMT2C,True,
KMT2D,True,
KMT2E,True,
KNL1,True,
KNOP1,True,
KNSTRN,True,
KNTC1,True,
KPNA1,True,
KPNA2,True,
KPNA3,True,
KPNA4,True,
KPNA6,True,
KPNB1,True,
KRAS,True,
KRI1,True,
KRIT1,True,
KRR1,True,
KRT1,True,
KRT10,True,
KRT12,True,
KRT13,True,
KRT14,True,
KRT15,True,
KRT16,True,
KRT17,True,
KRT18,True,
KRT19,True,
KRT2,True,
KRT23,True,
KRT35,True,
KRT4,True,
KRT5,True,
KRT6A,True,
KRT6B,True,
KRT6C,True,
KRT7,True,
KRT73,True,
KRT75,True,
KRT76,True,
KRT79,True,
KRT8,True,
KRT80,True,
KRT81,True,
KRT84,True,
KRT85,True,
KRT9,True,
KSR1,True,
KTI12,True,
KTN1,True,
KXD1,True,
KYAT1,True,
KYAT3,True,
KYNU,True,
L1CAM,True,
L2HGDH,True,
L3HYPDH,True,
L3MBTL2,True,
L3MBTL3,True,
LACTB,True,
LACTB2,True,
LAD1,True,
LAGE3,True,
LAMA1,True,
LAMA3,True,
LAMA4,True,
LAMA5,True,
LAMB1,True,
LAMB2,True,
LAMB3,True,
LAMC1,True,
LAMC2,True,
LAMP1,True,
LAMP2,True,
LAMTOR1,True,
LAMTOR2,True,
LAMTOR3,True,
LAMTOR5,True,
LANCL1,True,
LANCL2,True,
LAP3,True,
LARP1,True,
LARP1B,True,
LARP4,True,
LARP4B,True,
LARP7,True,
LARS1,True,
LARS2,True,
LAS1L,True,
LASP1,True,
LBR,True,
LCLAT1,True,
LCMT1,True,
LCN2,True,
LCOR,True,
LCP1,True,
LDAF1,True,
LDAH,True,
LDB1,True,
LDHA,True,
LDHB,True,
LDHD,True,
LDLR,True,
LDLRAP1,True,
LEMD2,True,
LEMD3,True,
LENG1,True,
LENG8,True,
LENG9,True,
LEO1,True,
LETM1,True,
LGALS1,True,
LGALS3,True,
LGALS3BP,True,
LGALS8,True,
LGALS9C,True,
LGALSL,True,
LGMN,True,
LHPP,True,
LIAS,True,
LIG1,True,
LIG3,True,
LIG4,True,
LIMA1,True,
LIMCH1,True,
LIMD1,True,
LIMD2,True,
LIMK2,True,
LIMS1,True,
LIN37,True,
LIN52,True,
LIN54,True,
LIN7A,True,
LIN7C,True,
LIN9,True,
LIPA,True,
LIX1L,True,
LLGL1,True,
LLGL2,True,
LLPH,True,
LMAN1,True,
LMAN2,True,
LMAN2L,True,
LMBRD1,True,
LMBRD2,True,
LMCD1,True,
LMF2,True,
LMNA,True,
LMNB1,True,
LMO4,True,
LMTK2,True,
LNPEP,True,
LNPK,True,
LOC102724594,True,
LONP1,True,
LONP2,True,
LOX,True,
LOXL2,True,
LOXL3,True,
LPCAT1,True,
LPCAT2,True,
LPCAT3,True,
LPGAT1,True,
LPIN1,True,
LPIN2,True,
LPIN3,True,
LPP,True,
LPXN,True,
LRATD2,True,
LRBA,True,
LRCH1,True,
LRCH3,True,
LRCH4,True,
LRIF1,True,
LRP1,True,
LRP10,True,
LRP11,True,
LRP2,True,
LRP8,True,
LRPAP1,True,
LRPPRC,True,
LRRC1,True,
LRRC14,True,
LRRC20,True,
LRRC40,True,
LRRC41,True,
LRRC42,True,
LRRC45,True,
LRRC47,True,
LRRC57,True,
LRRC59,True,
LRRC8A,True,
LRRC8C,True,
LRRC8D,True,
LRRC8E,True,
LRRFIP1,True,
LRRFIP2,True,
LRSAM1,True,
LRWD1,True,
LSG1,True,
LSM1,True,
LSM12,True,
LSM14A,True,
LSM14B,True,
LSM2,True,
LSM3,True,
LSM4,True,
LSM6,True,
LSM7,True,
LSM8,True,
LSP1,True,
LSR,True,
LSS,True,
LTA4H,True,
LTBP1,True,
LTBP3,True,
LTBP4,True,
LTBR,True,
LTF,True,
LTN1,True,
LTV1,True,
LUC7L,True,
LUC7L2,True,
LUC7L3,True,
LUZP1,True,
LXN,True,
LY75-CD302,True,
LYAR,True,
LYN,True,
LYPD3,True,
LYPLA1,True,
LYPLA2,True,
LYPLAL1,True,
LYRM1,True,
LYRM2,True,
LYRM4,True,
LYRM7,True,
LYSMD1,True,
LYSMD2,True,
LYSMD3,True,
LYST,True,
LZIC,True,
LZTFL1,True,
LZTR1,True,
LZTS1,True,
LZTS2,True,
M6PR,True,
MACF1,True,
MACO1,True,
MACROD1,True,
MACROH2A1,True,
MACROH2A2,True,
MAD1L1,True,
MAD2L1,True,
MADD,True,
MAEA,True,
MAF1,True,
MAFF,True,
MAFG,True,
MAGEA10,True,
MAGEA4,True,
MAGED1,True,
MAGED2,True,
MAGI1,True,
MAGI3,True,
MAGOHB,True,
MAGT1,True,
MAIP1,True,
MAK16,True,
MALSU1,True,
MALT1,True,
MAML1,True,
MAN1A1,True,
MAN1A2,True,
MAN1B1,True,
MAN2A1,True,
MAN2A2,True,
MAN2B1,True,
MAN2B2,True,
MAN2C1,True,
MANBA,True,
MANF,True,
MAOA,True,
MAOB,True,
MAP1A,True,
MAP1B,True,
MAP1LC3A,True,
MAP1LC3B2,True,
MAP1S,True,
MAP2,True,
MAP2K1,True,
MAP2K2,True,
MAP2K3,True,
MAP2K4,True,
MAP2K6,True,
MAP2K7,True,
MAP3K2,True,
MAP3K20,True,
MAP3K3,True,
MAP3K4,True,
MAP3K7,True,
MAP4,True,
MAP4K2,True,
MAP4K3,True,
MAP4K4,True,
MAP4K5,True,
MAP7,True,
MAP7D1,True,
MAP7D2,True,
MAP7D3,True,
MAPDA,True,
MAPK1,True,
MAPK10,True,
MAPK12,True,
MAPK13,True,
MAPK14,True,
MAPK3,True,
MAPK7,True,
MAPK8,True,
MAPK8IP3,True,
MAPK9,True,
MAPKAP1,True,
MAPKAPK2,True,
MAPKAPK3,True,
MAPRE1,True,
MAPRE2,True,
MAPRE3,True,
MAPT,True,
MARCHF5,True,
MARCKS,True,
MARCKSL1,True,
MARF1,True,
MARK1,True,
MARK2,True,
MARK3,True,
MARS1,True,
MARS2,True,
MARVELD2,True,
MAST2,True,
MAST4,True,
MASTL,True,
MAT1A,True,
MAT2A,True,
MAT2B,True,
MATN2,True,
MATR3,True,
MAU2,True,
MAVS,True,
MAX,True,
MAZ,True,
MB21D2,True,
MBD1,True,
MBD2,True,
MBD3,True,
MBD4,True,
MBIP,True,
MBLAC2,True,
MBNL1,True,
MBOAT2,True,
MBOAT7,True,
MBP,True,
MBTPS1,True,
MCAM,True,
MCAT,True,
MCC,True,
MCCC1,True,
MCCC2,True,
MCEE,True,
MCL1,True,
MCM2,True,
MCM3,True,
MCM3AP,True,
MCM4,True,
MCM5,True,
MCM6,True,
MCM7,True,
MCMBP,True,
MCRIP1,True,
MCRIP2,True,
MCRS1,True,
MCTS1,True,
MCU,True,
MCUB,True,
MCUR1,True,
MDC1,True,
MDH1,True,
MDH2,True,
MDN1,True,
ME1,True,
ME2,True,
ME3,True,
MEAF6,True,
MEAK7,True,
MECP2,True,
MECR,True,
MED1,True,
MED10,True,
MED11,True,
MED12,True,
MED13,True,
MED13L,True,
MED14,True,
MED15,True,
MED16,True,
MED17,True,
MED18,True,
MED19,True,
MED20,True,
MED21,True,
MED22,True,
MED23,True,
MED24,True,
MED25,True,
MED26,True,
MED27,True,
MED28,True,
MED29,True,
MED30,True,
MED31,True,
MED4,True,
MED6,True,
MED7,True,
MED8,True,
MED9,True,
MEF2A,True,
MEF2D,True,
MEGF8,True,
MEGF9,True,
MELK,True,
MELTF,True,
MEMO1,True,
MEN1,True,
MEPCE,True,
MESD,True,
MET,True,
METAP1,True,
METAP1D,True,
METAP2,True,
METTL1,True,
METTL13,True,
METTL14,True,
METTL15,True,
METTL16,True,
METTL17,True,
METTL26,True,
METTL2A,True,
METTL3,True,
METTL5,True,
METTL8,True,
METTL9,True,
MEX3C,True,
MEX3D,True,
MFAP1,True,
MFF,True,
MFGE8,True,
MFN1,True,
MFN2,True,
MFSD6,True,
MGA,True,
MGAT1,True,
MGAT2,True,
MGAT5,True,
MGLL,True,
MGME1,True,
MGMT,True,
MGRN1,True,
MGST1,True,
MGST3,True,
MIA2,True,
MIA3,True,
MIB1,True,
MIB2,True,
MICAL1,True,
MICAL2,True,
MICAL3,True,
MICALL1,True,
MICALL2,True,
MICOS10,True,
MICOS13,True,
MICU1,True,
MICU2,True,
MID1,True,
MID1IP1,True,
MIDEAS,True,
MIEF1,True,
MIEN1,True,
MIER1,True,
MIF,True,
MIF4GD,True,
MIGA1,True,
MINDY1,True,
MINDY2,True,
MINDY3,True,
MINK1,True,
MINPP1,True,
MIOS,True,
MIPEP,True,
MIS12,True,
MIS18A,True,
MIS18BP1,True,
MISP,True,
MITD1,True,
MITF,True,
MIX23,True,
MKI67,True,
MKLN1,True,
MKNK1,True,
MKRN1,True,
MKRN2,True,
MLEC,True,
MLF2,True,
MLH1,True,
MLKL,True,
MLLT1,True,
MLLT10,True,
MLLT3,True,
MLLT6,True,
MLPH,True,
MLST8,True,
MLYCD,True,
MMAA,True,
MMAB,True,
MMACHC,True,
MMADHC,True,
MME,True,
MMGT1,True,
MMP14,True,
MMP15,True,
MMP2,True,
MMS19,True,
MMUT,True,
MNAT1,True,
MNT,True,
MOB2,True,
MOB3A,True,
MOB4,True,
MOCOS,True,
MOCS2,True,
MOCS3,True,
MOGS,True,
MON1B,True,
MON2,True,
MORC2,True,
MORC3,True,
MORF4L1,True,
MORF4L2,True,
MOSPD2,True,
MOV10,True,
MOXD1,True,
MPC2,True,
MPDZ,True,
MPG,True,
MPHOSPH10,True,
MPHOSPH6,True,
MPHOSPH8,True,
MPI,True,
MPLKIP,True,
MPP1,True,
MPP2,True,
MPP7,True,
MPRIP,True,
MPST,True,
MPV17,True,
MPZL1,True,
MRC2,True,
MRE11,True,
MREG,True,
MRFAP1,True,
MRGBP,True,
MRI1,True,
MRM1,True,
MRM2,True,
MRM3,True,
MROH1,True,
MRPL1,True,
MRPL10,True,
MRPL11,True,
MRPL12,True,
MRPL13,True,
MRPL14,True,
MRPL15,True,
MRPL16,True,
MRPL17,True,
MRPL18,True,
MRPL19,True,
MRPL2,True,
MRPL20,True,
MRPL21,True,
MRPL22,True,
MRPL23,True,
MRPL24,True,
MRPL27,True,
MRPL28,True,
MRPL30,True,
MRPL32,True,
MRPL33,True,
MRPL34,True,
MRPL35,True,
MRPL37,True,
MRPL38,True,
MRPL39,True,
MRPL4,True,
MRPL40,True,
MRPL41,True,
MRPL42,True,
MRPL43,True,
MRPL44,True,
MRPL45,True,
MRPL46,True,
MRPL47,True,
MRPL48,True,
MRPL49,True,
MRPL50,True,
MRPL51,True,
MRPL52,True,
MRPL53,True,
MRPL54,True,
MRPL55,True,
MRPL57,True,
MRPL58,True,
MRPL9,True,
MRPS10,True,
MRPS11,True,
MRPS12,True,
MRPS14,True,
MRPS15,True,
MRPS16,True,
MRPS18A,True,
MRPS18B,True,
MRPS18C,True,
MRPS2,True,
MRPS21,True,
MRPS22,True,
MRPS23,True,
MRPS24,True,
MRPS25,True,
MRPS26,True,
MRPS27,True,
MRPS28,True,
MRPS30,True,
MRPS31,True,
MRPS33,True,
MRPS34,True,
MRPS35,True,
MRPS5,True,
MRPS6,True,
MRPS7,True,
MRPS9,True,
MRRF,True,
MRTFA,True,
MRTFB,True,
MRTO4,True,
MSH2,True,
MSH3,True,
MSH6,True,
MSI1,True,
MSI2,True,
MSL1,True,
MSL2,True,
MSL3,True,
MSMO1,True,
MSN,True,
MSRA,True,
MSRB2,True,
MSRB3,True,
MST1R,True,
MSTO1,True,
MT1G,True,
MT2A,True,
MTA1,True,
MTA2,True,
MTA3,True,
MTAP,True,
MTARC1,True,
MTARC2,True,
MTCH1,True,
MTCH2,True,
MTCL1,True,
MTCL2,True,
MTDH,True,
MTERF3,True,
MTERF4,True,
MTF2,True,
MTFMT,True,
MTFR1,True,
MTFR1L,True,
MTG1,True,
MTG2,True,
MTHFD1,True,
MTHFD1L,True,
MTHFD2,True,
MTHFR,True,
MTHFS,True,
MTHFSD,True,
MTIF2,True,
MTIF3,True,
MTM1,True,
MTMR1,True,
MTMR10,True,
MTMR12,True,
MTMR14,True,
MTMR2,True,
MTMR3,True,
MTMR6,True,
MTMR9,True,
MTNAP1,True,
MTO1,True,
MTOR,True,
MTPAP,True,
MTPN,True,
MTR,True,
MTRES1,True,
MTREX,True,
MTRF1,True,
MTRF1L,True,
MTRR,True,
MTSS1,True,
MTSS2,True,
MTUS1,True,
MTX1,True,
MTX2,True,
MTX3,True,
MUC1,True,
MUC16,True,
MVB12A,True,
MVD,True,
MVK,True,
MVP,True,
MX1,True,
MX2,True,
MXRA7,True,
MYADM,True,
MYBBP1A,True,
MYCBP,True,
MYCBP2,True,
MYD88,True,
MYDGF,True,
MYEF2,True,
MYG1,True,
MYH10,True,
MYH11,True,
MYH14,True,
MYH9,True,
MYL12A,True,
MYL3,True,
MYL4,True,
MYL6,True,
MYL6B,True,
MYL9,True,
MYLK,True,
MYO10,True,
MYO18A,True,
MYO19,True,
MYO1B,True,
MYO1C,True,
MYO1D,True,
MYO1E,True,
MYO1G,True,
MYO5A,True,
MYO5B,True,
MYO5C,True,
MYO6,True,
MYO9A,True,
MYO9B,True,
MYOF,True,
MYORG,True,
MYSM1,True,
MZB1,True,
MZT2A,True,
N4BP1,True,
N4BP2,True,
N4BP2L2,True,
N6AMT1,True,
NAA10,True,
NAA15,True,
NAA16,True,
NAA20,True,
NAA25,True,
NAA30,True,
NAA35,True,
NAA38,True,
NAA40,True,
NAA50,True,
NAAA,True,
NAB1,True,
NAB2,True,
NABP2,True,
NACA,True,
NACC1,True,
NACC2,True,
NADK2,True,
NADSYN1,True,
NAE1,True,
NAF1,True,
NAGA,True,
NAGK,True,
NAGLU,True,
NAMPT,True,
NANP,True,
NANS,True,
NAP1L1,True,
NAP1L4,True,
NAPA,True,
NAPB,True,
NAPG,True,
NAPRT,True,
NARF,True,
NARS1,True,
NARS2,True,
NASP,True,
NAT1,True,
NAT10,True,
NAT14,True,
NAV1,True,
NAV2,True,
NAXD,True,
NAXE,True,
NBAS,True,
NBEA,True,
NBEAL1,True,
NBEAL2,True,
NBN,True,
NBR1,True,
NCALD,True,
NCAM1,True,
NCAPD2,True,
NCAPD3,True,
NCAPG,True,
NCAPG2,True,
NCAPH,True,
NCAPH2,True,
NCBP1,True,
NCBP2,True,
NCBP3,True,
NCDN,True,
NCEH1,True,
NCK1,True,
NCK2,True,
NCKAP1,True,
NCKAP5L,True,
NCKIPSD,True,
NCL,True,
NCLN,True,
NCOA1,True,
NCOA2,True,
NCOA3,True,
NCOA4,True,
NCOA5,True,
NCOA6,True,
NCOA7,True,
NCOR1,True,
NCOR2,True,
NCS1,True,
NCSTN,True,
ND1,True,
ND5,True,
NDC1,True,
NDC80,True,
NDE1,True,
NDEL1,True,
NDRG1,True,
NDRG2,True,
NDRG3,True,
NDUFA10,True,
NDUFA11,True,
NDUFA12,True,
NDUFA13,True,
NDUFA2,True,
NDUFA3,True,
NDUFA4,True,
NDUFA5,True,
NDUFA6,True,
NDUFA7,True,
NDUFA8,True,
NDUFA9,True,
NDUFAB1,True,
NDUFAF1,True,
NDUFAF2,True,
NDUFAF3,True,
NDUFAF4,True,
NDUFAF5,True,
NDUFAF6,True,
NDUFAF7,True,
NDUFB1,True,
NDUFB10,True,
NDUFB11,True,
NDUFB2,True,
NDUFB3,True,
NDUFB4,True,
NDUFB5,True,
NDUFB6,True,
NDUFB7,True,
NDUFB8,True,
NDUFB9,True,
NDUFC1,True,
NDUFC2,True,
NDUFS1,True,
NDUFS2,True,
NDUFS3,True,
NDUFS4,True,
NDUFS5,True,
NDUFS6,True,
NDUFS7,True,
NDUFS8,True,
NDUFV1,True,
NDUFV2,True,
NDUFV3,True,
NEBL,True,
NECAP1,True,
NECAP2,True,
NECTIN1,True,
NECTIN2,True,
NECTIN4,True,
NEDD1,True,
NEDD4,True,
NEDD4L,True,
NEDD8-MDP1,True,
NEFH,True,
NEFL,True,
NEFM,True,
NEGR1,True,
NEIL2,True,
NEK1,True,
NEK6,True,
NEK7,True,
NEK9,True,
NELFA,True,
NELFCD,True,
NELFE,True,
NEMF,True,
NENF,True,
NEO1,True,
NEPRO,True,
NES,True,
NEU1,True,
NEURL4,True,
NEXN,True,
NF1,True,
NF2,True,
NFAT5,True,
NFATC2,True,
NFATC2IP,True,
NFATC3,True,
NFIB,True,
NFIC,True,
NFIX,True,
NFKB1,True,
NFKB2,True,
NFKBIB,True,
NFKBIE,True,
NFKBIL1,True,
NFRKB,True,
NFS1,True,
NFU1,True,
NFX1,True,
NFXL1,True,
NFYB,True,
NFYC,True,
NGDN,True,
NGFR,True,
NGLY1,True,
NGRN,True,
NHEJ1,True,
NHERF1,True,
NHERF2,True,
NHLRC2,True,
NHLRC3,True,
NHP2,True,
NHS,True,
NHSL1,True,
NHSL3,True,
NIBAN1,True,
NIBAN2,True,
NID1,True,
NIF3L1,True,
NIFK,True,
NIN,True,
NIP7,True,
NIPBL,True,
NIPSNAP1,True,
NIPSNAP2,True,
NIPSNAP3A,True,
NIPSNAP3B,True,
NISCH,True,
NIT1,True,
NIT2,True,
NKAP,True,
NKAPD1,True,
NKIRAS2,True,
NKTR,True,
NLE1,True,
NLN,True,
NLRP2,True,
NLRX1,True,
NMD3,True,
NME1,True,
NME3,True,
NME6,True,
NME7,True,
NMI,True,
NMNAT1,True,
NMNAT3,True,
NMRAL1,True,
NMT1,True,
NMT2,True,
NNMT,True,
NNT,True,
NOA1,True,
NOB1,True,
NOC2L,True,
NOC3L,True,
NOC4L,True,
NOCT,True,
NOL10,True,
NOL11,True,
NOL12,True,
NOL4L,True,
NOL6,True,
NOL7,True,
NOL8,True,
NOL9,True,
NOLC1,True,
NOM1,True,
NOMO1,True,
NOMO2,True,
NONO,True,
NOP10,True,
NOP14,True,
NOP16,True,
NOP2,True,
NOP53,True,
NOP56,True,
NOP58,True,
NOP9,True,
NOPCHAP1,True,
NOS1AP,True,
NOSIP,True,
NOTCH1,True,
NOTCH2,True,
NOTCH3,True,
NOVA1,True,
NOVA2,True,
NPAT,True,
NPC1,True,
NPC2,True,
NPEPL1,True,
NPEPPS,True,
NPLOC4,True,
NPM1,True,
NPM3,True,
NPTN,True,
NQO1,True,
NQO2,True,
NR2C1,True,
NR2C2,True,
NR2C2AP,True,
NR2F1,True,
NR2F2,True,
NR2F6,True,
NR3C1,True,
NRAS,True,
NRBF2,True,
NRBP1,True,
NRCAM,True,
NRDC,True,
NRDE2,True,
NRF1,True,
NRIP1,True,
NRP1,True,
NRP2,True,
NSA2,True,
NSD1,True,
NSD2,True,
NSD3,True,
NSDHL,True,
NSF,True,
NSFL1C,True,
NSL1,True,
NSMAF,True,
NSMCE1,True,
NSMCE2,True,
NSMCE3,True,
NSMCE4A,True,
NSRP1,True,
NSUN2,True,
NSUN4,True,
NSUN5,True,
NSUN6,True,
NT5C,True,
NT5C2,True,
NT5C3A,True,
NT5C3B,True,
NT5DC1,True,
NT5DC2,True,
NT5DC3,True,
NT5E,True,
NTAN1,True,
NTAQ1,True,
NTHL1,True,
NTMT1,True,
NTPCR,True,
NUB1,True,
NUBP1,True,
NUBP2,True,
NUBPL,True,
NUCB1,True,
NUCB2,True,
NUCKS1,True,
NUDC,True,
NUDCD1,True,
NUDCD2,True,
NUDCD3,True,
NUDT1,True,
NUDT12,True,
NUDT14,True,
NUDT15,True,
NUDT16,True,
NUDT16L1,True,
NUDT19,True,
NUDT2,True,
NUDT21,True,
NUDT3,True,
NUDT4,True,
NUDT5,True,
NUDT6,True,
NUDT8,True,
NUDT9,True,
NUF2,True,
NUFIP1,True,
NUFIP2,True,
NUMA1,True,
NUMB,True,
NUMBL,True,
NUP107,True,
NUP133,True,
NUP153,True,
NUP155,True,
NUP160,True,
NUP188,True,
NUP205,True,
NUP210,True,
NUP214,True,
NUP35,True,
NUP37,True,
NUP42,True,
NUP43,True,
NUP50,True,
NUP54,True,
NUP58,True,
NUP62,True,
NUP85,True,
NUP88,True,
NUP93,True,
NUP98,True,
NUSAP1,True,
NUTF2,True,
NVL,True,
NXF1,True,
NXN,True,
NXT1,True,
NXT2,True,
OARD1,True,
OAS1,True,
OAS2,True,
OAS3,True,
OASL,True,
OAT,True,
OBI1,True,
OBSL1,True,
OCIAD1,True,
OCIAD2,True,
OCLN,True,
OCRL,True,
ODF2,True,
ODR4,True,
OFD1,True,
OGA,True,
OGDH,True,
OGDHL,True,
OGFOD1,True,
OGFOD2,True,
OGFOD3,True,
OGFR,True,
OGT,True,
OLA1,True,
OMA1,True,
OPA1,True,
OPA3,True,
OPHN1,True,
OPLAH,True,
OPTN,True,
ORC1,True,
ORC2,True,
ORC3,True,
ORC4,True,
ORC5,True,
OS9,True,
OSBP,True,
OSBPL10,True,
OSBPL11,True,
OSBPL1A,True,
OSBPL2,True,
OSBPL3,True,
OSBPL5,True,
OSBPL6,True,
OSBPL8,True,
OSBPL9,True,
OSGEP,True,
OSGEPL1,True,
OSMR,True,
OSTC,True,
OSTF1,True,
OSTM1,True,
OTUB1,True,
OTUD4,True,
OTUD5,True,
OTUD6B,True,
OTUD7A,True,
OTUD7B,True,
OTULIN,True,
OVCA2,True,
OXA1L,True,
OXCT1,True,
OXNAD1,True,
OXR1,True,
OXSM,True,
OXSR1,True,
P2RX4,True,
P3H1,True,
P3H3,True,
P3H4,True,
P4HA1,True,
P4HA2,True,
P4HB,True,
P4HTM,True,
PA2G4,True,
PAAF1,True,
PABIR1,True,
PABIR2,True,
PABPC4,True,
PABPN1,True,
PACS1,True,
PACS2,True,
PACSIN2,True,
PACSIN3,True,
PADI2,True,
PAF1,True,
PAFAH1B1,True,
PAFAH1B2,True,
PAFAH1B3,True,
PAFAH2,True,
PAG1,True,
PAGR1,True,
PAICS,True,
PAIP1,True,
PAIP2,True,
PAK1,True,
PAK1IP1,True,
PAK2,True,
PAK3,True,
PAK4,True,
PALLD,True,
PALM,True,
PALM2AKAP2,True,
PALMD,True,
PALS1,True,
PALS2,True,
PAM,True,
PAN2,True,
PAN3,True,
PANK1,True,
PANK2,True,
PANK4,True,
PAPOLA,True,
PAPOLG,True,
PAPSS1,True,
PAPSS2,True,
PARD3,True,
PARD3B,True,
PARD6B,True,
PARD6G,True,
PARG,True,
PARK7,True,
PARL,True,
PARN,True,
PARP1,True,
PARP10,True,
PARP12,True,
PARP14,True,
PARP2,True,
PARP4,True,
PARP9,True,
PARS2,True,
PARVA,True,
PARVB,True,
PASK,True,
PATJ,True,
PATL1,True,
PATZ1,True,
PAWR,True,
PAXBP1,True,
PAXIP1,True,
PAXX,True,
PBDC1,True,
PBK,True,
PBLD,True,
PBRM1,True,
PBX1,True,
PBX2,True,
PBX3,True,
PBXIP1,True,
PC,True,
PCBD1,True,
PCBD2,True,
PCBP1,True,
PCBP2,True,
PCBP3,True,
PCBP4,True,
PCCA,True,
PCCB,True,
PCDH1,True,
PCDH7,True,
PCF11,True,
PCGF2,True,
PCGF5,True,
PCGF6,True,
PCID2,True,
PCIF1,True,
PCK2,True,
PCLAF,True,
PCM1,True,
PCMT1,True,
PCMTD1,True,
PCNA,True,
PCNP,True,
PCNT,True,
PCTP,True,
PCYOX1,True,
PCYOX1L,True,
PCYT1A,True,
PCYT1B,True,
PCYT2,True,
PDAP1,True,
PDCD10,True,
PDCD11,True,
PDCD2,True,
PDCD2L,True,
PDCD4,True,
PDCD5,True,
PDCD6,True,
PDCD6IP,True,
PDCD7,True,
PDCL,True,
PDCL3,True,
PDE12,True,
PDE4D,True,
PDE4DIP,True,
PDE5A,True,
PDE6D,True,
PDF,True,
PDHA1,True,
PDHB,True,
PDHX,True,
PDIA3,True,
PDIA4,True,
PDIA5,True,
PDIA6,True,
PDK1,True,
PDK2,True,
PDK3,True,
PDLIM1,True,
PDLIM2,True,
PDLIM3,True,
PDLIM4,True,
PDLIM5,True,
PDLIM7,True,
PDP1,True,
PDPK1,True,
PDPR,True,
PDRG1,True,
PDS5A,True,
PDS5B,True,
PDSS2,True,
PDXDC1,True,
PDXK,True,
PDXP,True,
PDZD11,True,
PDZD8,True,
PEA15,True,
PEAK1,True,
PEBP1,True,
PECR,True,
PEDS1-UBE2V1,True,
PEF1,True,
PEG10,True,
PELO,True,
PELP1,True,
PEPD,True,
PES1,True,
PET100,True,
PEX1,True,
PEX11B,True,
PEX13,True,
PEX14,True,
PEX16,True,
PEX19,True,
PEX3,True,
PEX5,True,
PEX6,True,
PFAS,True,
PFDN1,True,
PFDN2,True,
PFDN4,True,
PFDN5,True,
PFDN6,True,
PFKFB2,True,
PFKFB3,True,
PFKFB4,True,
PFKL,True,
PFKM,True,
PFKP,True,
PFN1,True,
PFN2,True,
PGAM1,True,
PGAM5,True,
PGD,True,
PGGT1B,True,
PGK1,True,
PGK2,True,
PGLS,True,
PGM1,True,
PGM2,True,
PGM2L1,True,
PGM3,True,
PGP,True,
PGRMC1,True,
PGRMC2,True,
PGS1,True,
PHACTR2,True,
PHACTR4,True,
PHAF1,True,
PHAX,True,
PHB1,True,
PHB2,True,
PHC1,True,
PHC2,True,
PHC3,True,
PHF1,True,
PHF10,True,
PHF12,True,
PHF14,True,
PHF2,True,
PHF20,True,
PHF20L1,True,
PHF21A,True,
PHF23,True,
PHF3,True,
PHF5A,True,
PHF6,True,
PHF8,True,
PHGDH,True,
PHIP,True,
PHKA1,True,
PHKA2,True,
PHKB,True,
PHKG2,True,
PHLDA1,True,
PHLDA3,True,
PHLDB1,True,
PHLDB2,True,
PHLDB3,True,
PHPT1,True,
PHRF1,True,
PHYH,True,
PHYKPL,True,
PI4K2A,True,
PI4K2B,True,
PI4KB,True,
PIAS1,True,
PIAS2,True,
PIAS3,True,
PIAS4,True,
PIBF1,True,
PICALM,True,
PICK1,True,
PIEZO1,True,
PIGG,True,
PIGH,True,
PIGK,True,
PIGO,True,
PIGS,True,
PIGT,True,
PIGU,True,
PIH1D1,True,
PIK3AP1,True,
PIK3C2A,True,
PIK3C3,True,
PIK3CA,True,
PIK3CB,True,
PIK3R1,True,
PIK3R2,True,
PIK3R4,True,
PIKFYVE,True,
PIMREG,True,
PIN1,True,
PIN4,True,
PINX1,True,
PIP4K2A,True,
PIP4K2B,True,
PIP4K2C,True,
PIP4P1,True,
PIP4P2,True,
PIP5K1A,True,
PIP5K1C,True,
PIR,True,
PISD,True,
PITHD1,True,
PITPNA,True,
PITPNB,True,
PITPNC1,True,
PITPNM1,True,
PITRM1,True,
PJA2,True,
PKD2,True,
PKLR,True,
PKM,True,
PKMYT1,True,
PKN1,True,
PKN2,True,
PKNOX1,True,
PKP2,True,
PKP3,True,
PKP4,True,
PLA2G12A,True,
PLA2G15,True,
PLA2G4A,True,
PLAA,True,
PLAAT3,True,
PLAT,True,
PLAU,True,
PLAUR,True,
PLBD1,True,
PLBD2,True,
PLCB3,True,
PLCB4,True,
PLCD1,True,
PLCD3,True,
PLCG1,True,
PLCG2,True,
PLCH1,True,
PLD1,True,
PLD2,True,
PLD3,True,
PLEC,True,
PLEK,True,
PLEK2,True,
PLEKHA1,True,
PLEKHA2,True,
PLEKHA3,True,
PLEKHA5,True,
PLEKHA6,True,
PLEKHA7,True,
PLEKHB2,True,
PLEKHF1,True,
PLEKHF2,True,
PLEKHG2,True,
PLEKHG3,True,
PLEKHH3,True,
PLEKHM2,True,
PLEKHO2,True,
PLG,True,
PLGRKT,True,
PLIN2,True,
PLIN3,True,
PLK1,True,
PLOD1,True,
PLOD2,True,
PLOD3,True,
PLP2,True,
PLPBP,True,
PLPP2,True,
PLPP3,True,
PLRG1,True,
PLS1,True,
PLS3,True,
PLSCR1,True,
PLXDC2,True,
PLXNA1,True,
PLXNB1,True,
PLXNB2,True,
PLXND1,True,
PM20D2,True,
PMF1-BGLAP,True,
PML,True,
PMM1,True,
PMM2,True,
PMPCA,True,
PMPCB,True,
PMS1,True,
PMS2,True,
PMVK,True,
PNISR,True,
PNKD,True,
PNKP,True,
PNMA1,True,
PNMA2,True,
PNN,True,
PNO1,True,
PNP,True,
PNPLA2,True,
PNPLA4,True,
PNPLA6,True,
PNPLA8,True,
PNPO,True,
PNPT1,True,
PODXL,True,
POF1B,True,
POFUT1,True,
POFUT2,True,
POGK,True,
POGLUT1,True,
POGLUT2,True,
POGLUT3,True,
POGZ,True,
POLA1,True,
POLA2,True,
POLB,True,
POLD1,True,
POLD2,True,
POLD3,True,
POLD4,True,
POLDIP2,True,
POLDIP3,True,
POLE,True,
POLE2,True,
POLE3,True,
POLE4,True,
POLG,True,
POLG2,True,
POLK,True,
POLR1A,True,
POLR1B,True,
POLR1C,True,
POLR1D,True,
POLR1E,True,
POLR1F,True,
POLR1G,True,
POLR1H,True,
POLR2A,True,
POLR2B,True,
POLR2C,True,
POLR2D,True,
POLR2E,True,
POLR2F,True,
POLR2G,True,
POLR2H,True,
POLR2I,True,
POLR2J,True,
POLR2K,True,
POLR2L,True,
POLR2M,True,
POLR3A,True,
POLR3B,True,
POLR3C,True,
POLR3D,True,
POLR3E,True,
POLR3F,True,
POLR3G,True,
POLR3GL,True,
POLR3H,True,
POLR3K,True,
POLRMT,True,
POM121,True,
POMGNT1,True,
POMGNT2,True,
POMK,True,
POMP,True,
PON2,True,
POP1,True,
POP4,True,
POP5,True,
POP7,True,
POR,True,
POSTN,True,
POT1,True,
POTEF,True,
POU2F1,True,
PPA1,True,
PPA2,True,
PPAT,True,
PPCDC,True,
PPCS,True,
PPFIA1,True,
PPFIA2,True,
PPFIBP1,True,
PPFIBP2,True,
PPHLN1,True,
PPIA,True,
PPIB,True,
PPIC,True,
PPID,True,
PPIE,True,
PPIF,True,
PPIG,True,
PPIH,True,
PPIL1,True,
PPIL2,True,
PPIL3,True,
PPIL4,True,
PPIP5K1,True,
PPIP5K2,True,
PPL,True,
PPM1A,True,
PPM1B,True,
PPM1F,True,
PPM1G,True,
PPM1H,True,
PPME1,True,
PPOX,True,
PPP1CA,True,
PPP1CB,True,
PPP1CC,True,
PPP1R10,True,
PPP1R11,True,
PPP1R12A,True,
PPP1R12B,True,
PPP1R12C,True,
PPP1R13B,True,
PPP1R13L,True,
PPP1R14B,True,
PPP1R16A,True,
PPP1R18,True,
PPP1R2,True,
PPP1R21,True,
PPP1R37,True,
PPP1R3D,True,
PPP1R7,True,
PPP1R8,True,
PPP1R9A,True,
PPP1R9B,True,
PPP2CA,True,
PPP2CB,True,
PPP2R1B,True,
PPP2R2A,True,
PPP2R2B,True,
PPP2R2D,True,
PPP2R5A,True,
PPP2R5C,True,
PPP2R5D,True,
PPP2R5E,True,
PPP3CA,True,
PPP3CB,True,
PPP3CC,True,
PPP4C,True,
PPP4R1,True,
PPP4R2,True,
PPP4R3A,True,
PPP4R3B,True,
PPP5C,True,
PPP6C,True,
PPP6R1,True,
PPP6R2,True,
PPP6R3,True,
PPT1,True,
PPT2,True,
PPTC7,True,
PPWD1,True,
PQBP1,True,
PRAF2,True,
PRAG1,True,
PRC1,True,
PRCC,True,
PRCP,True,
PRDM10,True,
PRDM15,True,
PRDM2,True,
PRDX1,True,
PRDX2,True,
PRDX3,True,
PRDX4,True,
PRDX5,True,
PRDX6,True,
PREB,True,
PREP,True,
PREPL,True,
PREX1,True,
PRIM1,True,
PRIM2,True,
PRKAA1,True,
PRKAB1,True,
PRKAB2,True,
PRKACA,True,
PRKACB,True,
PRKAG1,True,
PRKAG2,True,
PRKAR1A,True,
PRKAR1B,True,
PRKAR2A,True,
PRKAR2B,True,
PRKCA,True,
PRKCB,True,
PRKCD,True,
PRKCE,True,
PRKCG,True,
PRKCI,True,
PRKCQ,True,
PRKCSH,True,
PRKCZ,True,
PRKD1,True,
PRKD2,True,
PRKDC,True,
PRKRA,True,
PRKRIP1,True,
PRMT1,True,
PRMT3,True,
PRMT5,True,
PRMT6,True,
PRMT7,True,
PRMT9,True,
PRNP,True,
PROCR,True,
PRODH,True,
PRORP,True,
PROS1,True,
PROSER1,True,
PROSER2,True,
PRP4K,True,
PRPF18,True,
PRPF19,True,
PRPF3,True,
PRPF31,True,
PRPF38A,True,
PRPF38B,True,
PRPF39,True,
PRPF4,True,
PRPF40A,True,
PRPF40B,True,
PRPF6,True,
PRPF8,True,
PRPH,True,
PRPS1,True,
PRPS2,True,
PRPSAP1,True,
PRPSAP2,True,
PRR12,True,
PRR14,True,
PRR14L,True,
PRRC1,True,
PRRC2A,True,
PRRC2B,True,
PRRC2C,True,
PRSS23,True,
PRSS8,True,
PRTFDC1,True,
PRUNE1,True,
PRUNE2,True,
PRXL2A,True,
PRXL2B,True,
PSAP,True,
PSAT1,True,
PSD3,True,
PSEN1,True,
PSIP1,True,
PSMA1,True,
PSMA2,True,
PSMA3,True,
PSMA4,True,
PSMA5,True,
PSMA6,True,
PSMA7,True,
PSMA8,True,
PSMB1,True,
PSMB10,True,
PSMB2,True,
PSMB3,True,
PSMB4,True,
PSMB5,True,
PSMB6,True,
PSMB7,True,
PSMB8,True,
PSMB9,True,
PSMC1,True,
PSMC2,True,
PSMC3,True,
PSMC3IP,True,
PSMC4,True,
PSMC5,True,
PSMC6,True,
PSMD1,True,
PSMD10,True,
PSMD11,True,
PSMD12,True,
PSMD13,True,
PSMD14,True,
PSMD2,True,
PSMD3,True,
PSMD4,True,
PSMD5,True,
PSMD6,True,
PSMD7,True,
PSMD8,True,
PSMD9,True,
PSME1,True,
PSME2,True,
PSME3,True,
PSME3IP1,True,
PSME4,True,
PSMF1,True,
PSMG1,True,
PSMG2,True,
PSMG3,True,
PSMG4,True,
PSPC1,True,
PSPH,True,
PSTPIP2,True,
PTAR1,True,
PTBP1,True,
PTBP2,True,
PTBP3,True,
PTCD2,True,
PTCD3,True,
PTDSS1,True,
PTDSS2,True,
PTEN,True,
PTER,True,
PTGES,True,
PTGES2,True,
PTGES3,True,
PTGFRN,True,
PTGR1,True,
PTGR2,True,
PTGR3,True,
PTK2,True,
PTK2B,True,
PTK7,True,
PTMS,True,
PTP4A1,True,
PTP4A2,True,
PTPA,True,
PTPMT1,True,
PTPN1,True,
PTPN11,True,
PTPN12,True,
PTPN13,True,
PTPN14,True,
PTPN2,True,
PTPN23,True,
PTPN3,True,
PTPN6,True,
PTPN9,True,
PTPRA,True,
PTPRC,True,
PTPRE,True,
PTPRF,True,
PTPRG,True,
PTPRJ,True,
PTPRK,True,
PTPRM,True,
PTPRS,True,
PTRH1,True,
PTRH2,True,
PTRHD1,True,
PTS,True,
PTTG1IP,True,
PUDP,True,
PUF60,True,
PUM1,True,
PUM2,True,
PUM3,True,
PURA,True,
PURB,True,
PUS1,True,
PUS10,True,
PUS3,True,
PUS7,True,
PUS7L,True,
PUSL1,True,
PVR,True,
PWP1,True,
PWP2,True,
PWWP2A,True,
PWWP2B,True,
PXDN,True,
PXK,True,
PXN,True,
PYCARD,True,
PYCR1,True,
PYCR2,True,
PYCR3,True,
PYGB,True,
PYGL,True,
PYGO2,True,
PYM1,True,
PYROXD2,True,
PYURF,True,
PZP,True,
QARS1,True,
QDPR,True,
QKI,True,
QNG1,True,
QPCTL,True,
QPRT,True,
QRICH1,True,
QRSL1,True,
QSER1,True,
QSOX1,True,
QSOX2,True,
QTRT1,True,
QTRT2,True,
R3HCC1,True,
R3HCC1L,True,
R3HDM1,True,
R3HDM2,True,
RAB10,True,
RAB11A,True,
RAB11B,True,
RAB11FIP1,True,
RAB11FIP2,True,
RAB11FIP5,True,
RAB12,True,
RAB13,True,
RAB14,True,
RAB15,True,
RAB17,True,
RAB18,True,
RAB1A,True,
RAB1B,True,
RAB20,True,
RAB21,True,
RAB22A,True,
RAB23,True,
RAB24,True,
RAB25,True,
RAB27A,True,
RAB27B,True,
RAB29,True,
RAB2A,True,
RAB2B,True,
RAB30,True,
RAB31,True,
RAB32,True,
RAB33B,True,
RAB34,True,
RAB35,True,
RAB38,True,
RAB3A,True,
RAB3B,True,
RAB3C,True,
RAB3D,True,
RAB3GAP1,True,
RAB3GAP2,True,
RAB3IL1,True,
RAB3IP,True,
RAB43,True,
RAB4A,True,
RAB4B,True,
RAB5A,True,
RAB5B,True,
RAB5C,True,
RAB5IF,True,
RAB6A,True,
RAB6B,True,
RAB6C,True,
RAB7A,True,
RAB8A,True,
RAB8B,True,
RAB9A,True,
RABAC1,True,
RABEP1,True,
RABEP2,True,
RABEPK,True,
RABGAP1,True,
RABGAP1L,True,
RABGEF1,True,
RABGGTA,True,
RABGGTB,True,
RABIF,True,
RABL3,True,
RABL6,True,
RAC1,True,
RACGAP1,True,
RACK1,True,
RAD1,True,
RAD17,True,
RAD18,True,
RAD21,True,
RAD23A,True,
RAD23B,True,
RAD50,True,
RAD51AP1,True,
RAD54L2,True,
RAD9A,True,
RAE1,True,
RAF1,True,
RAI1,True,
RAI14,True,
RALA,True,
RALB,True,
RALBP1,True,
RALGAPA1,True,
RALGAPA2,True,
RALGAPB,True,
RALGPS2,True,
RALY,True,
RAMAC,True,
RAN,True,
RANBP1,True,
RANBP10,True,
RANBP2,True,
RANBP3,True,
RANBP6,True,
RANBP9,True,
RANGAP1,True,
RAP1A,True,
RAP1B,True,
RAP1GAP2,True,
RAP1GDS1,True,
RAP2B,True,
RAP2C,True,
RAPGEF1,True,
RAPGEF2,True,
RAPGEF6,True,
RAPH1,True,
RARS1,True,
RARS2,True,
RASA1,True,
RASA2,True,
RASA3,True,
RASAL2,True,
RASSF2,True,
RASSF7,True,
RASSF8,True,
RAVER1,True,
RAVER2,True,
RB1,True,
RB1CC1,True,
RBBP4,True,
RBBP5,True,
RBBP6,True,
RBBP7,True,
RBBP8,True,
RBBP9,True,
RBCK1,True,
RBFA,True,
RBFOX2,True,
RBIS,True,
RBKS,True,
RBL2,True,
RBM10,True,
RBM12,True,
RBM12B,True,
RBM15,True,
RBM15B,True,
RBM17,True,
RBM18,True,
RBM19,True,
RBM22,True,
RBM25,True,
RBM26,True,
RBM27,True,
RBM28,True,
RBM3,True,
RBM33,True,
RBM34,True,
RBM39,True,
RBM4,True,
RBM42,True,
RBM45,True,
RBM47,True,
RBM4B,True,
RBM5,True,
RBM6,True,
RBM7,True,
RBM8A,True,
RBMS1,True,
RBMS2,True,
RBMS3,True,
RBMX2,True,
RBMXL1,True,
RBMXL2,True,
RBMXL3,True,
RBP1,True,
RBPJ,True,
RBPMS,True,
RBSN,True,
RBX1,True,
RC3H1,True,
RCC1,True,
RCC1L,True,
RCC2,True,
RCCD1,True,
RCHY1,True,
RCL1,True,
RCN1,True,
RCN2,True,
RCN3,True,
RCOR1,True,
RCOR2,True,
RCOR3,True,
RCSD1,True,
RDH10,True,
RDH11,True,
RDH13,True,
RDH14,True,
RDX,True,
RECQL,True,
RECQL4,True,
RECQL5,True,
REEP3,True,
REEP4,True,
REEP5,True,
REEP6,True,
REL,True,
RELB,True,
RELCH,True,
RELL1,True,
REPIN1,True,
REPS1,True,
REPS2,True,
RER1,True,
RERE,True,
REST,True,
RETREG2,True,
RETREG3,True,
RETSAT,True,
REXO2,True,
REXO4,True,
RFC1,True,
RFC2,True,
RFC3,True,
RFC4,True,
RFC5,True,
RFFL,True,
RFK,True,
RFLNB,True,
RFT1,True,
RFTN1,True,
RFX1,True,
RFX5,True,
RFX7,True,
RFXANK,True,
RFXAP,True,
RGL2,True,
RGN,True,
RGPD6,True,
RGS10,True,
RGS19,True,
RHBDD2,True,
RHBDF1,True,
RHBDF2,True,
RHEB,True,
RHOA,True,
RHOB,True,
RHOC,True,
RHOG,True,
RHOJ,True,
RHOT1,True,
RHOT2,True,
RHPN2,True,
RIC8A,True,
RIC8B,True,
RICTOR,True,
RIDA,True,
RIF1,True,
RIGI,True,
RILPL1,True,
RIMOC1,True,
RIN1,True,
RING1,True,
RINT1,True,
RIOK1,True,
RIOK2,True,
RIOK3,True,
RIOX1,True,
RIOX2,True,
RIPK1,True,
RIPK2,True,
RIPOR1,True,
RLF,True,
RLIG1,True,
RMC1,True,
RMDN1,True,
RMDN2,True,
RMDN3,True,
RMI1,True,
RMI2,True,
RMND1,True,
RMND5A,True,
RNASEH1,True,
RNASEH2A,True,
RNASEH2B,True,
RNASEH2C,True,
RNASEL,True,
RNASET2,True,
RND3,True,
RNF10,True,
RNF103-CHMP3,True,
RNF11,True,
RNF113A,True,
RNF114,True,
RNF121,True,
RNF123,True,
RNF126,True,
RNF13,True,
RNF138,True,
RNF139,True,
RNF14,True,
RNF146,True,
RNF149,True,
RNF167,True,
RNF168,True,
RNF169,True,
RNF170,True,
RNF181,True,
RNF185,True,
RNF2,True,
RNF20,True,
RNF213,True,
RNF214,True,
RNF216,True,
RNF220,True,
RNF25,True,
RNF31,True,
RNF34,True,
RNF40,True,
RNF41,True,
RNF5,True,
RNF7,True,
RNGTT,True,
RNH1,True,
RNMT,True,
RNPC3,True,
RNPEP,True,
RNPS1,True,
RO60,True,
ROBO1,True,
ROCK1,True,
ROCK2,True,
ROMO1,True,
RP2,True,
RP9,True,
RPA1,True,
RPA2,True,
RPA3,True,
RPAIN,True,
RPAP1,True,
RPAP2,True,
RPAP3,True,
RPE,True,
RPF1,True,
RPF2,True,
RPIA,True,
RPL10,True,
RPL10A,True,
RPL11,True,
RPL12,True,
RPL13,True,
RPL13A,True,
RPL14,True,
RPL15,True,
RPL18,True,
RPL18A,True,
RPL19,True,
RPL21,True,
RPL22,True,
RPL22L1,True,
RPL23,True,
RPL23A,True,
RPL24,True,
RPL26,True,
RPL27,True,
RPL27A,True,
RPL28,True,
RPL29,True,
RPL3,True,
RPL30,True,
RPL31,True,
RPL32,True,
RPL34,True,
RPL35,True,
RPL35A,True,
RPL36,True,
RPL36AL,True,
RPL37,True,
RPL37A,True,
RPL38,True,
RPL4,True,
RPL5,True,
RPL6,True,
RPL7,True,
RPL7A,True,
RPL7L1,True,
RPL8,True,
RPL9,True,
RPLP0,True,
RPLP1,True,
RPLP2,True,
RPN1,True,
RPN2,True,
RPP14,True,
RPP21,True,
RPP25,True,
RPP25L,True,
RPP30,True,
RPP38,True,
RPP40,True,
RPRD1A,True,
RPRD1B,True,
RPRD2,True,
RPS10,True,
RPS11,True,
RPS12,True,
RPS13,True,
RPS14,True,
RPS15,True,
RPS15A,True,
RPS16,True,
RPS17,True,
RPS18,True,
RPS19,True,
RPS19BP1,True,
RPS2,True,
RPS20,True,
RPS21,True,
RPS23,True,
RPS24,True,
RPS25,True,
RPS26,True,
RPS27A,True,
RPS27L,True,
RPS28,True,
RPS29,True,
RPS3,True,
RPS3A,True,
RPS4X,True,
RPS5,True,
RPS6,True,
RPS6KA1,True,
RPS6KA2,True,
RPS6KA3,True,
RPS6KA4,True,
RPS6KA5,True,
RPS6KA6,True,
RPS6KB1,True,
RPS6KB2,True,
RPS6KC1,True,
RPS7,True,
RPS8,True,
RPS9,True,
RPSA,True,
RPTOR,True,
RPUSD2,True,
RPUSD3,True,
RPUSD4,True,
RRAGA,True,
RRAGB,True,
RRAGC,True,
RRAGD,True,
RRAS,True,
RRAS2,True,
RRBP1,True,
RREB1,True,
RRM1,True,
RRM2,True,
RRM2B,True,
RRN3,True,
RRP1,True,
RRP12,True,
RRP15,True,
RRP1B,True,
RRP36,True,
RRP7A,True,
RRP8,True,
RRP9,True,
RRS1,True,
RSAD1,True,
RSBN1,True,
RSBN1L,True,
RSF1,True,
RSL1D1,True,
RSL24D1,True,
RSPRY1,True,
RSRC1,True,
RSRC2,True,
RSU1,True,
RTCA,True,
RTCB,True,
RTF1,True,
RTF2,True,
RTKN,True,
RTL8A,True,
RTN1,True,
RTN3,True,
RTN4,True,
RTN4IP1,True,
RTRAF,True,
RUFY1,True,
RUFY2,True,
RUFY3,True,
RUNX1,True,
RUNX2,True,
RUSC1,True,
RUSF1,True,
RUVBL1,True,
RUVBL2,True,
RWDD1,True,
RWDD4,True,
RXRA,True,
RXRB,True,
RYBP,True,
S100A10,True,
S100A11,True,
S100A13,True,
S100A14,True,
S100A16,True,
S100A2,True,
S100A4,True,
S100A6,True,
S100A9,True,
S100P,True,
S100PBP,True,
SAAL1,True,
SACM1L,True,
SACS,True,
SAE1,True,
SAFB,True,
SAFB2,True,
SAMD1,True,
SAMD4A,True,
SAMD4B,True,
SAMD9,True,
SAMHD1,True,
SAMM50,True,
SAMSN1,True,
SAP130,True,
SAP18,True,
SAP30,True,
SAP30BP,True,
SAP30L,True,
SAR1A,True,
SAR1B,True,
SARAF,True,
SARM1,True,
SARS1,True,
SARS2,True,
SART1,True,
SART3,True,
SASH1,True,
SASH3,True,
SASS6,True,
SAV1,True,
SBDS,True,
SBF1,True,
SBF2,True,
SBNO1,True,
SCAF1,True,
SCAF11,True,
SCAF4,True,
SCAF8,True,
SCAI,True,
SCAMP1,True,
SCAMP2,True,
SCAMP3,True,
SCAMP4,True,
SCAPER,True,
SCARB1,True,
SCARB2,True,
SCARF2,True,
SCCPDH,True,
SCD,True,
SCD5,True,
SCFD1,True,
SCFD2,True,
SCIN,True,
SCLY,True,
SCML2,True,
SCO1,True,
SCO2,True,
SCP2,True,
SCPEP1,True,
SCRIB,True,
SCRN1,True,
SCRN2,True,
SCRN3,True,
SCYL1,True,
SCYL2,True,
SCYL3,True,
SDAD1,True,
SDC1,True,
SDC2,True,
SDC4,True,
SDCBP,True,
SDCCAG8,True,
SDE2,True,
SDF2,True,
SDF2L1,True,
SDF4,True,
SDHA,True,
SDHAF2,True,
SDHAF3,True,
SDHAF4,True,
SDHB,True,
SDHC,True,
SDR39U1,True,
SDSL,True,
SEC11A,True,
SEC11C,True,
SEC13,True,
SEC14L1,True,
SEC14L2,True,
SEC16A,True,
SEC22A,True,
SEC22B,True,
SEC23A,True,
SEC23B,True,
SEC23IP,True,
SEC24A,True,
SEC24B,True,
SEC24C,True,
SEC24D,True,
SEC31A,True,
SEC61A1,True,
SEC61B,True,
SEC62,True,
SEC63,True,
SECISBP2,True,
SECISBP2L,True,
SEH1L,True,
SEL1L,True,
SELENBP1,True,
SELENOF,True,
SELENOH,True,
SELENOK,True,
SELENOM,True,
SELENON,True,
SELENOO,True,
SELENOS,True,
SEMA3C,True,
SEMA4B,True,
SEMA4C,True,
SEMA4D,True,
SENP1,True,
SENP2,True,
SENP3,True,
SENP6,True,
SENP7,True,
SENP8,True,
SEPHS1,True,
SEPHS2,True,
SEPSECS,True,
SEPTIN10,True,
SEPTIN11,True,
SEPTIN2,True,
SEPTIN3,True,
SEPTIN4,True,
SEPTIN5,True,
SEPTIN6,True,
SEPTIN7,True,
SEPTIN8,True,
SEPTIN9,True,
SERBP1,True,
SERF2,True,
SERINC1,True,
SERINC3,True,
SERPINA1,True,
SERPINB1,True,
SERPINB2,True,
SERPINB5,True,
SERPINB6,True,
SERPINB8,True,
SERPINB9,True,
SERPINC1,True,
SERPINE1,True,
SERPINE2,True,
SERPINH1,True,
SERPINI1,True,
SET,True,
SETD1A,True,
SETD2,True,
SETD3,True,
SETD7,True,
SETDB1,True,
SETMAR,True,
SETX,True,
SEZ6L2,True,
SF1,True,
SF3A1,True,
SF3A2,True,
SF3A3,True,
SF3B1,True,
SF3B2,True,
SF3B3,True,
SF3B4,True,
SF3B5,True,
SF3B6,True,
SFMBT1,True,
SFN,True,
SFPQ,True,
SFSWAP,True,
SFT2D3,True,
SFXN1,True,
SFXN2,True,
SFXN3,True,
SFXN4,True,
SFXN5,True,
SGCE,True,
SGF29,True,
SGPL1,True,
SGPP1,True,
SGSH,True,
SGSM3,True,
SGTA,True,
SGTB,True,
SH2B1,True,
SH2D4A,True,
SH3BGRL,True,
SH3BGRL2,True,
SH3BGRL3,True,
SH3BP1,True,
SH3BP4,True,
SH3BP5L,True,
SH3D19,True,
SH3GL1,True,
SH3GLB1,True,
SH3GLB2,True,
SH3KBP1,True,
SH3PXD2A,True,
SH3PXD2B,True,
SH3RF1,True,
SHANK2,True,
SHARPIN,True,
SHB,True,
SHC1,True,
SHCBP1,True,
SHFL,True,
SHKBP1,True,
SHMT1,True,
SHMT2,True,
SHOC2,True,
SHPK,True,
SHROOM2,True,
SHROOM3,True,
SHTN1,True,
SIAE,True,
SIDT2,True,
SIGIRR,True,
SIK3,True,
SIKE1,True,
SIL1,True,
SIN3A,True,
SIN3B,True,
SINHCAF,True,
SIPA1,True,
SIPA1L1,True,
SIPA1L2,True,
SIPA1L3,True,
SIRPA,True,
SIRT1,True,
SIRT2,True,
SIRT3,True,
SIRT5,True,
SIRT6,True,
SIVA1,True,
SIX4,True,
SIX5,True,
SKA1,True,
SKA3,True,
SKIC2,True,
SKIC3,True,
SKIC8,True,
SKP1,True,
SLAIN2,True,
SLBP,True,
SLC11A2,True,
SLC12A2,True,
SLC12A4,True,
SLC12A6,True,
SLC12A7,True,
SLC12A9,True,
SLC15A4,True,
SLC16A1,True,
SLC16A3,True,
SLC17A5,True,
SLC1A3,True,
SLC1A4,True,
SLC1A5,True,
SLC20A2,True,
SLC22A18,True,
SLC25A1,True,
SLC25A10,True,
SLC25A11,True,
SLC25A12,True,
SLC25A13,True,
SLC25A15,True,
SLC25A16,True,
SLC25A19,True,
SLC25A20,True,
SLC25A22,True,
SLC25A24,True,
SLC25A25,True,
SLC25A29,True,
SLC25A3,True,
SLC25A31,True,
SLC25A35,True,
SLC25A4,True,
SLC25A40,True,
SLC25A46,True,
SLC25A5,True,
SLC25A6,True,
SLC26A6,True,
SLC27A1,True,
SLC27A2,True,
SLC27A3,True,
SLC27A4,True,
SLC29A1,True,
SLC2A1,True,
SLC30A1,True,
SLC30A5,True,
SLC30A6,True,
SLC30A9,True,
SLC33A1,True,
SLC35B2,True,
SLC35E1,True,
SLC35F6,True,
SLC37A4,True,
SLC38A1,True,
SLC38A10,True,
SLC38A2,True,
SLC39A10,True,
SLC39A11,True,
SLC39A14,True,
SLC39A6,True,
SLC39A7,True,
SLC3A2,True,
SLC43A3,True,
SLC44A1,True,
SLC44A2,True,
SLC4A1AP,True,
SLC4A2,True,
SLC4A7,True,
SLC7A1,True,
SLC7A5,True,
SLC7A6,True,
SLC7A6OS,True,
SLC9A1,True,
SLC9A7,True,
SLFN11,True,
SLFN5,True,
SLIRP,True,
SLK,True,
SLMAP,True,
SLPI,True,
SLTM,True,
SLU7,True,
SLX4,True,
SLX9,True,
SMAD1,True,
SMAD2,True,
SMAD3,True,
SMAD4,True,
SMAD5,True,
SMAD9,True,
SMAP1,True,
SMAP2,True,
SMARCA1,True,
SMARCA2,True,
SMARCA4,True,
SMARCA5,True,
SMARCAD1,True,
SMARCAL1,True,
SMARCB1,True,
SMARCC1,True,
SMARCC2,True,
SMARCD1,True,
SMARCD2,True,
SMARCD3,True,
SMARCE1,True,
SMC1A,True,
SMC1B,True,
SMC2,True,
SMC3,True,
SMC4,True,
SMC5,True,
SMC6,True,
SMCHD1,True,
SMDT1,True,
SMG1,True,
SMG5,True,
SMG6,True,
SMG7,True,
SMG8,True,
SMG9,True,
SMIM12,True,
SMIM20,True,
SMNDC1,True,
SMPD1,True,
SMPD2,True,
SMPD4,True,
SMPDL3A,True,
SMPDL3B,True,
SMS,True,
SMTN,True,
SMU1,True,
SMUG1,True,
SMURF2,True,
SMYD2,True,
SMYD3,True,
SMYD5,True,
SNAP23,True,
SNAP29,True,
SNAP47,True,
SNAP91,True,
SNAPC3,True,
SNAPC4,True,
SNAPIN,True,
SNCA,True,
SNCB,True,
SNCG,True,
SND1,True,
SNF8,True,
SNIP1,True,
SNRNP200,True,
SNRNP27,True,
SNRNP40,True,
SNRNP48,True,
SNRNP70,True,
SNRPA,True,
SNRPA1,True,
SNRPB,True,
SNRPB2,True,
SNRPC,True,
SNRPD1,True,
SNRPD2,True,
SNRPD3,True,
SNRPE,True,
SNRPF,True,
SNRPG,True,
SNTB1,True,
SNTB2,True,
SNU13,True,
SNUPN,True,
SNW1,True,
SNX1,True,
SNX11,True,
SNX12,True,
SNX13,True,
SNX15,True,
SNX16,True,
SNX17,True,
SNX18,True,
SNX2,True,
SNX21,True,
SNX24,True,
SNX27,True,
SNX29,True,
SNX3,True,
SNX30,True,
SNX33,True,
SNX4,True,
SNX5,True,
SNX6,True,
SNX7,True,
SNX8,True,
SNX9,True,
SOAT1,True,
SOD1,True,
SOD2,True,
SON,True,
SORBS1,True,
SORBS2,True,
SORBS3,True,
SORD,True,
SORL1,True,
SORT1,True,
SOS1,True,
SOWAHC,True,
SOX13,True,
SOX6,True,
SOX9,True,
SP1,True,
SP100,True,
SP110,True,
SP140L,True,
SP2,True,
SP3,True,
SP4,True,
SPAG1,True,
SPAG5,True,
SPAG7,True,
SPAG9,True,
SPARC,True,
SPART,True,
SPAST,True,
SPATA20,True,
SPATS2,True,
SPATS2L,True,
SPC24,True,
SPC25,True,
SPCS1,True,
SPCS2,True,
SPCS3,True,
SPDL1,True,
SPECC1,True,
SPECC1L,True,
SPEN,True,
SPG11,True,
SPG21,True,
SPG7,True,
SPICE1,True,
SPIN1,True,
SPINDOC,True,
SPINT1,True,
SPINT2,True,
SPIRE1,True,
SPN,True,
SPNS1,True,
SPOUT1,True,
SPPL2A,True,
SPPL2B,True,
SPR,True,
SPRYD4,True,
SPRYD7,True,
SPTAN1,True,
SPTBN1,True,
SPTBN2,True,
SPTBN4,True,
SPTLC1,True,
SPTLC2,True,
SPTY2D1,True,
SQLE,True,
SQOR,True,
SQSTM1,True,
SRA1,True,
SRBD1,True,
SRC,True,
SRCAP,True,
SRCIN1,True,
SREBF1,True,
SREK1,True,
SRF,True,
SRFBP1,True,
SRGAP1,True,
SRGAP2,True,
SRI,True,
SRM,True,
SRP14,True,
SRP19,True,
SRP54,True,
SRP68,True,
SRP72,True,
SRP9,True,
SRPK1,True,
SRPK2,True,
SRPRA,True,
SRPRB,True,
SRR,True,
SRRM2,True,
SRRT,True,
SRSF1,True,
SRSF10,True,
SRSF11,True,
SRSF2,True,
SRSF3,True,
SRSF4,True,
SRSF5,True,
SRSF6,True,
SRSF7,True,
SRSF8,True,
SRSF9,True,
SRXN1,True,
SS18,True,
SS18L1,True,
SSB,True,
SSBP1,True,
SSBP3,True,
SSH1,True,
SSH2,True,
SSH3,True,
SSNA1,True,
SSR1,True,
SSR3,True,
SSR4,True,
SSRP1,True,
SSU72,True,
ST13,True,
ST14,True,
ST3GAL1,True,
ST6GAL1,True,
ST7,True,
STAG1,True,
STAG2,True,
STAM,True,
STAM2,True,
STAMBP,True,
STAMBPL1,True,
STARD10,True,
STARD13,True,
STARD3,True,
STARD7,True,
STARD9,True,
STAT1,True,
STAT2,True,
STAT3,True,
STAT5A,True,
STAT5B,True,
STAT6,True,
STAU1,True,
STAU2,True,
STBD1,True,
STC2,True,
STEAP3,True,
STEEP1,True,
STIM1,True,
STIM2,True,
STING1,True,
STIP1,True,
STK10,True,
STK11IP,True,
STK24,True,
STK25,True,
STK26,True,
STK3,True,
STK38,True,
STK38L,True,
STK39,True,
STK4,True,
STMN1,True,
STMN2,True,
STMN3,True,
STMN4,True,
STOM,True,
STOML2,True,
STON2,True,
STRAP,True,
STRBP,True,
STRIP1,True,
STRN,True,
STRN3,True,
STRN4,True,
STT3A,True,
STT3B,True,
STUB1,True,
STX10,True,
STX12,True,
STX16,True,
STX17,True,
STX18,True,
STX2,True,
STX3,True,
STX4,True,
STX5,True,
STX6,True,
STX7,True,
STX8,True,
STXBP1,True,
STXBP2,True,
STXBP3,True,
STXBP4,True,
STXBP5,True,
SUB1,True,
SUCLA2,True,
SUCLG1,True,
SUCLG2,True,
SUCO,True,
SUDS3,True,
SUFU,True,
SUGP1,True,
SUGP2,True,
SUGT1,True,
SULT1A1,True,
SUMF1,True,
SUMF2,True,
SUMO1,True,
SUMO2,True,
SUN1,True,
SUN2,True,
SUOX,True,
SUPT16H,True,
SUPT20H,True,
SUPT4H1,True,
SUPT5H,True,
SUPT6H,True,
SUPT7L,True,
SUPV3L1,True,
SURF1,True,
SURF2,True,
SURF4,True,
SURF6,True,
SUSD2,True,
SUV39H1,True,
SUV39H2,True,
SUZ12,True,
SVIL,True,
SVIP,True,
SWAP70,True,
SYAP1,True,
SYF2,True,
SYK,True,
SYMPK,True,
SYNCRIP,True,
SYNE1,True,
SYNE2,True,
SYNE3,True,
SYNGAP1,True,
SYNGR2,True,
SYNJ1,True,
SYNJ2,True,
SYNM,True,
SYNPO,True,
SYNRG,True,
SYP,True,
SYPL1,True,
SYT1,True,
SYTL1,True,
SYTL2,True,
SYTL4,True,
SYVN1,True,
SZRD1,True,
TAB1,True,
TAB2,True,
TAB3,True,
TACC1,True,
TACC2,True,
TACC3,True,
TACO1,True,
TACSTD2,True,
TADA1,True,
TADA2B,True,
TADA3,True,
TAF1,True,
TAF10,True,
TAF12,True,
TAF15,True,
TAF2,True,
TAF3,True,
TAF4,True,
TAF5,True,
TAF5L,True,
TAF6,True,
TAF6L,True,
TAF7,True,
TAF8,True,
TAF9,True,
TAF9B,True,
TAGLN,True,
TAGLN2,True,
TALDO1,True,
TAMM41,True,
TANC1,True,
TANC2,True,
TANGO2,True,
TANGO6,True,
TANK,True,
TAOK1,True,
TAOK2,True,
TAOK3,True,
TAP1,True,
TAP2,True,
TAPBP,True,
TAPBPL,True,
TAPT1,True,
TARBP1,True,
TARBP2,True,
TARDBP,True,
TARS1,True,
TARS2,True,
TARS3,True,
TASOR,True,
TASOR2,True,
TASP1,True,
TATDN1,True,
TATDN3,True,
TAX1BP1,True,
TAX1BP3,True,
TBC1D1,True,
TBC1D10A,True,
TBC1D10B,True,
TBC1D13,True,
TBC1D15,True,
TBC1D17,True,
TBC1D2,True,
TBC1D20,True,
TBC1D22A,True,
TBC1D22B,True,
TBC1D23,True,
TBC1D24,True,
TBC1D2B,True,
TBC1D4,True,
TBC1D5,True,
TBC1D8B,True,
TBC1D9,True,
TBC1D9B,True,
TBCA,True,
TBCB,True,
TBCC,True,
TBCD,True,
TBCE,True,
TBCEL,True,
TBCK,True,
TBK1,True,
TBL1X,True,
TBL1XR1,True,
TBL2,True,
TBL3,True,
TBPL1,True,
TBRG4,True,
TBX3,True,
TCAF1,True,
TCEA1,True,
TCEA2,True,
TCEA3,True,
TCEAL1,True,
TCEAL3,True,
TCEAL4,True,
TCEAL5,True,
TCERG1,True,
TCF12,True,
TCF20,True,
TCF25,True,
TCF3,True,
TCF7L2,True,
TCIRG1,True,
TCOF1,True,
TCP1,True,
TCP11L1,True,
TDG,True,
TDP1,True,
TDP2,True,
TDRD3,True,
TDRD7,True,
TDRKH,True,
TEAD1,True,
TEAD2,True,
TEAD3,True,
TECPR1,True,
TECPR2,True,
TECR,True,
TEFM,True,
TELO2,True,
TENT2,True,
TENT4B,True,
TEP1,True,
TEPSIN,True,
TERF2,True,
TERF2IP,True,
TES,True,
TEX10,True,
TEX2,True,
TEX264,True,
TF,True,
TFAM,True,
TFAP2B,True,
TFAP2C,True,
TFAP4,True,
TFB1M,True,
TFB2M,True,
TFCP2,True,
TFDP1,True,
TFDP2,True,
TFE3,True,
TFG,True,
TFIP11,True,
TFPI,True,
TFPT,True,
TFR2,True,
TFRC,True,
TGFB1,True,
TGFB1I1,True,
TGFB2,True,
TGFBI,True,
TGFBRAP1,True,
TGIF1,True,
TGM2,True,
TGOLN2,True,
TGS1,True,
THADA,True,
THAP11,True,
THAP12,True,
THAP4,True,
THBD,True,
THBS1,True,
THBS2,True,
THEM4,True,
THEM6,True,
THG1L,True,
THNSL1,True,
THOC1,True,
THOC2,True,
THOC3,True,
THOC5,True,
THOC6,True,
THOC7,True,
THOP1,True,
THRAP3,True,
THSD4,True,
THTPA,True,
THUMPD1,True,
THUMPD3,True,
THYN1,True,
TIA1,True,
TIAL1,True,
TIFA,True,
TIGAR,True,
TIMELESS,True,
TIMM10,True,
TIMM10B,True,
TIMM13,True,
TIMM17A,True,
TIMM17B,True,
TIMM21,True,
TIMM22,True,
TIMM23,True,
TIMM29,True,
TIMM44,True,
TIMM50,True,
TIMM8A,True,
TIMM8B,True,
TIMM9,True,
TIMMDC1,True,
TIMP1,True,
TIMP2,True,
TIMP3,True,
TINAGL1,True,
TINF2,True,
TIPIN,True,
TIPRL,True,
TJAP1,True,
TJP1,True,
TJP2,True,
TJP3,True,
TK1,True,
TK2,True,
TKFC,True,
TKT,True,
TLE1,True,
TLE3,True,
TLE4,True,
TLE5,True,
TLK1,True,
TLK2,True,
TLN1,True,
TLN2,True,
TLR3,True,
TM2D3,True,
TM7SF2,True,
TM9SF2,True,
TM9SF3,True,
TM9SF4,True,
TMA16,True,
TMA7,True,
TMBIM6,True,
TMCC1,True,
TMCO1,True,
TMCO3,True,
TMED1,True,
TMED10,True,
TMED2,True,
TMED3,True,
TMED4,True,
TMED5,True,
TMED7-TICAM2,True,
TMED8,True,
TMED9,True,
TMEM102,True,
TMEM106B,True,
TMEM109,True,
TMEM11,True,
TMEM115,True,
TMEM120A,True,
TMEM126A,True,
TMEM126B,True,
TMEM131,True,
TMEM132A,True,
TMEM134,True,
TMEM161A,True,
TMEM165,True,
TMEM168,True,
TMEM177,True,
TMEM179B,True,
TMEM181,True,
TMEM192,True,
TMEM199,True,
TMEM201,True,
TMEM205,True,
TMEM209,True,
TMEM214,True,
TMEM223,True,
TMEM245,True,
TMEM263,True,
TMEM30A,True,
TMEM33,True,
TMEM41A,True,
TMEM41B,True,
TMEM43,True,
TMEM59,True,
TMEM63A,True,
TMEM63B,True,
TMEM65,True,
TMEM68,True,
TMEM70,True,
TMEM87A,True,
TMEM87B,True,
TMEM9,True,
TMEM9B,True,
TMF1,True,
TMLHE,True,
TMOD1,True,
TMOD2,True,
TMOD3,True,
TMPO,True,
TMT1A,True,
TMUB1,True,
TMUB2,True,
TMX1,True,
TMX2,True,
TMX3,True,
TMX4,True,
TNC,True,
TNFAIP2,True,
TNFAIP3,True,
TNFAIP8,True,
TNFRSF12A,True,
TNFRSF1A,True,
TNIK,True,
TNIP1,True,
TNK2,True,
TNKS,True,
TNKS1BP1,True,
TNPO1,True,
TNPO2,True,
TNPO3,True,
TNRC18,True,
TNRC6A,True,
TNRC6B,True,
TNS3,True,
TNS4,True,
TOE1,True,
TOLLIP,True,
TOM1,True,
TOM1L1,True,
TOM1L2,True,
TOMM20,True,
TOMM22,True,
TOMM34,True,
TOMM40,True,
TOMM5,True,
TOMM6,True,
TOMM7,True,
TOMM70,True,
TONSL,True,
TOP1,True,
TOP2A,True,
TOP2B,True,
TOP3A,True,
TOP3B,True,
TOPBP1,True,
TOR1A,True,
TOR1AIP1,True,
TOR1AIP2,True,
TOR1B,True,
TOR3A,True,
TOR4A,True,
TOX4,True,
TP53,True,
TP53BP1,True,
TP53BP2,True,
TP53I11,True,
TP53I3,True,
TP53RK,True,
TPBG,True,
TPCN1,True,
TPD52,True,
TPD52L1,True,
TPD52L2,True,
TPI1,True,
TPM1,True,
TPM2,True,
TPM3,True,
TPM4,True,
TPMT,True,
TPP1,True,
TPP2,True,
TPPP3,True,
TPR,True,
TPRG1L,True,
TPRKB,True,
TPRN,True,
TPST2,True,
TPT1,True,
TPX2,True,
TRA2A,True,
TRA2B,True,
TRABD,True,
TRADD,True,
TRAF2,True,
TRAF3,True,
TRAF3IP1,True,
TRAF4,True,
TRAF6,True,
TRAF7,True,
TRAFD1,True,
TRAM1,True,
TRAP1,True,
TRAPPC1,True,
TRAPPC10,True,
TRAPPC11,True,
TRAPPC12,True,
TRAPPC13,True,
TRAPPC2L,True,
TRAPPC3,True,
TRAPPC4,True,
TRAPPC5,True,
TRAPPC6A,True,
TRAPPC6B,True,
TRAPPC8,True,
TRAPPC9,True,
TRERF1,True,
TRIM11,True,
TRIM14,True,
TRIM16,True,
TRIM2,True,
TRIM21,True,
TRIM22,True,
TRIM24,True,
TRIM25,True,
TRIM26,True,
TRIM27,True,
TRIM28,True,
TRIM29,True,
TRIM3,True,
TRIM32,True,
TRIM33,True,
TRIM38,True,
TRIM4,True,
TRIM41,True,
TRIM47,True,
TRIM5,True,
TRIM56,True,
TRIM65,True,
TRIO,True,
TRIOBP,True,
TRIP10,True,
TRIP11,True,
TRIP12,True,
TRIP13,True,
TRIP4,True,
TRIP6,True,
TRIR,True,
TRIT1,True,
TRMT1,True,
TRMT10A,True,
TRMT10C,True,
TRMT11,True,
TRMT112,True,
TRMT13,True,
TRMT1L,True,
TRMT2A,True,
TRMT5,True,
TRMT6,True,
TRMT61A,True,
TRMT61B,True,
TRMU,True,
TRNAU1AP,True,
TRNT1,True,
TRO,True,
TRPM4,True,
TRPS1,True,
TRPT1,True,
TRPV2,True,
TRRAP,True,
TRUB1,True,
TRUB2,True,
TSC1,True,
TSC2,True,
TSC22D1,True,
TSC22D2,True,
TSC22D3,True,
TSC22D4,True,
TSEN15,True,
TSEN2,True,
TSEN34,True,
TSEN54,True,
TSFM,True,
TSG101,True,
TSKU,True,
TSN,True,
TSNAX,True,
TSPAN13,True,
TSPAN14,True,
TSPAN15,True,
TSPAN3,True,
TSPAN31,True,
TSPAN6,True,
TSPAN9,True,
TSPO,True,
TSPYL1,True,
TSPYL5,True,
TSR1,True,
TSR2,True,
TSR3,True,
TSSC4,True,
TST,True,
TSTD1,True,
TTC1,True,
TTC13,True,
TTC14,True,
TTC17,True,
TTC19,True,
TTC27,True,
TTC28,True,
TTC33,True,
TTC38,True,
TTC39C,True,
TTC4,True,
TTC5,True,
TTC7A,True,
TTC7B,True,
TTC9C,True,
TTF1,True,
TTF2,True,
TTI1,True,
TTI2,True,
TTK,True,
TTL,True,
TTLL12,True,
TTN,True,
TTPAL,True,
TTYH3,True,
TUBA1B,True,
TUBA1C,True,
TUBA4A,True,
TUBAL3,True,
TUBB,True,
TUBB1,True,
TUBB2A,True,
TUBB2B,True,
TUBB3,True,
TUBB4A,True,
TUBB4B,True,
TUBB6,True,
TUBG1,True,
TUBG2,True,
TUBGCP2,True,
TUBGCP3,True,
TUBGCP4,True,
TUBGCP5,True,
TUBGCP6,True,
TUFM,True,
TUFT1,True,
TULP3,True,
TUSC2,True,
TUSC3,True,
TUT1,True,
TUT4,True,
TUT7,True,
TVP23C,True,
TWF1,True,
TWF2,True,
TWNK,True,
TWSG1,True,
TXLNA,True,
TXLNG,True,
TXN,True,
TXN2,True,
TXNDC11,True,
TXNDC12,True,
TXNDC15,True,
TXNDC17,True,
TXNDC5,True,
TXNDC9,True,
TXNIP,True,
TXNL1,True,
TXNL4A,True,
TXNL4B,True,
TXNRD1,True,
TYK2,True,
TYMP,True,
TYMS,True,
TYSND1,True,
TYW1,True,
TYW3,True,
TYW5,True,
U2AF2,True,
U2SURP,True,
UACA,True,
UAP1,True,
UAP1L1,True,
UBA1,True,
UBA2,True,
UBA3,True,
UBA5,True,
UBA52,True,
UBA6,True,
UBA7,True,
UBAC1,True,
UBAC2,True,
UBAP1,True,
UBAP2,True,
UBAP2L,True,
UBASH3B,True,
UBE2A,True,
UBE2B,True,
UBE2C,True,
UBE2D2,True,
UBE2D4,True,
UBE2E1,True,
UBE2E2,True,
UBE2F,True,
UBE2G1,True,
UBE2G2,True,
UBE2H,True,
UBE2I,True,
UBE2J1,True,
UBE2J2,True,
UBE2K,True,
UBE2L3,True,
UBE2L6,True,
UBE2M,True,
UBE2N,True,
UBE2NL,True,
UBE2O,True,
UBE2Q1,True,
UBE2R2,True,
UBE2S,True,
UBE2T,True,
UBE2V2,True,
UBE2Z,True,
UBE3A,True,
UBE3C,True,
UBE4A,True,
UBE4B,True,
UBFD1,True,
UBL4A,True,
UBL5,True,
UBL7,True,
UBLCP1,True,
UBN1,True,
UBN2,True,
UBP1,True,
UBQLN1,True,
UBQLN2,True,
UBQLN4,True,
UBR1,True,
UBR2,True,
UBR3,True,
UBR4,True,
UBR5,True,
UBR7,True,
UBTD2,True,
UBTF,True,
UBXN1,True,
UBXN2A,True,
UBXN4,True,
UBXN6,True,
UBXN7,True,
UCHL1,True,
UCHL3,True,
UCHL5,True,
UCK1,True,
UCK2,True,
UCKL1,True,
UEVLD,True,
UFC1,True,
UFD1,True,
UFL1,True,
UFM1,True,
UFSP2,True,
UGCG,True,
UGDH,True,
UGGT1,True,
UGGT2,True,
UGP2,True,
UGT8,True,
UHRF1,True,
UHRF2,True,
UIMC1,True,
ULK3,True,
UMPS,True,
UNC119,True,
UNC119B,True,
UNC13B,True,
UNC13D,True,
UNC45A,True,
UNC93B1,True,
UNG,True,
UNK,True,
UPF1,True,
UPF2,True,
UPF3A,True,
UPF3B,True,
UPP1,True,
UPRT,True,
UQCC1,True,
UQCC2,True,
UQCR10,True,
UQCRB,True,
UQCRC1,True,
UQCRC2,True,
UQCRFS1,True,
UQCRH,True,
UQCRQ,True,
URB1,True,
URB2,True,
URGCP,True,
URI1,True,
UROD,True,
UROS,True,
USE1,True,
USF1,True,
USF2,True,
USO1,True,
USP1,True,
USP10,True,
USP13,True,
USP14,True,
USP15,True,
USP16,True,
USP19,True,
USP20,True,
USP22,True,
USP24,True,
USP25,True,
USP28,True,
USP3,True,
USP30,True,
USP32,True,
USP33,True,
USP34,True,
USP36,True,
USP39,True,
USP4,True,
USP40,True,
USP42,True,
USP47,True,
USP48,True,
USP5,True,
USP54,True,
USP6NL,True,
USP7,True,
USP8,True,
USP9X,True,
UTP11,True,
UTP14A,True,
UTP15,True,
UTP18,True,
UTP20,True,
UTP23,True,
UTP25,True,
UTP3,True,
UTP4,True,
UTP6,True,
UTRN,True,
UVRAG,True,
UXS1,True,
UXT,True,
VAC14,True,
VAMP2,True,
VAMP3,True,
VAMP4,True,
VAMP7,True,
VAMP8,True,
VANGL1,True,
VAPA,True,
VAPB,True,
VARS1,True,
VARS2,True,
VASN,True,
VASP,True,
VAT1,True,
VAV2,True,
VBP1,True,
VCAN,True,
VCL,True,
VCP,True,
VCPIP1,True,
VDAC1,True,
VDAC2,True,
VDAC3,True,
VEZF1,True,
VEZT,True,
VGLL4,True,
VIL1,True,
VIM,True,
VIPAS39,True,
VIRMA,True,
VKORC1,True,
VKORC1L1,True,
VLDLR,True,
VMP1,True,
VPS11,True,
VPS13A,True,
VPS13B,True,
VPS13C,True,
VPS13D,True,
VPS16,True,
VPS18,True,
VPS25,True,
VPS26A,True,
VPS26B,True,
VPS26C,True,
VPS28,True,
VPS29,True,
VPS33A,True,
VPS33B,True,
VPS35,True,
VPS35L,True,
VPS36,True,
VPS37A,True,
VPS37B,True,
VPS37C,True,
VPS39,True,
VPS41,True,
VPS45,True,
VPS4A,True,
VPS4B,True,
VPS50,True,
VPS51,True,
VPS52,True,
VPS53,True,
VPS72,True,
VPS8,True,
VRK1,True,
VRK2,True,
VRK3,True,
VSIR,True,
VSNL1,True,
VTA1,True,
VTI1A,True,
VTI1B,True,
VTN,True,
VWA1,True,
VWA5A,True,
VWA8,True,
WAC,True,
WAPL,True,
WARS1,True,
WARS2,True,
WAS,True,
WASF1,True,
WASF2,True,
WASHC2A,True,
WASHC2C,True,
WASHC3,True,
WASHC4,True,
WASHC5,True,
WASL,True,
WBP11,True,
WBP2,True,
WBP4,True,
WDCP,True,
WDFY1,True,
WDFY3,True,
WDHD1,True,
WDR1,True,
WDR11,True,
WDR12,True,
WDR13,True,
WDR18,True,
WDR20,True,
WDR24,True,
WDR26,True,
WDR3,True,
WDR33,True,
WDR36,True,
WDR37,True,
WDR4,True,
WDR41,True,
WDR43,True,
WDR44,True,
WDR45,True,
WDR45B,True,
WDR46,True,
WDR47,True,
WDR48,True,
WDR5,True,
WDR55,True,
WDR59,True,
WDR6,True,
WDR62,True,
WDR7,True,
WDR70,True,
WDR73,True,
WDR74,True,
WDR75,True,
WDR76,True,
WDR77,True,
WDR81,True,
WDR82,True,
WDR83,True,
WDR89,True,
WDR91,True,
WDSUB1,True,
WDTC1,True,
WEE1,True,
WFS1,True,
WIPF1,True,
WIPF2,True,
WIPI1,True,
WIPI2,True,
WIZ,True,
WLS,True,
WNK1,True,
WNK2,True,
WNT5A,True,
WRAP53,True,
WRN,True,
WRNIP1,True,
WTAP,True,
WWC2,True,
WWOX,True,
WWP1,True,
WWP2,True,
WWTR1,True,
XAB2,True,
XIAP,True,
XIRP1,True,
XPA,True,
XPC,True,
XPNPEP1,True,
XPNPEP3,True,
XPO1,True,
XPO4,True,
XPO5,True,
XPO6,True,
XPO7,True,
XPOT,True,
XRCC1,True,
XRCC4,True,
XRCC5,True,
XRCC6,True,
XRN1,True,
XRN2,True,
XXYLT1,True,
XYLB,True,
YAP1,True,
YARS1,True,
YARS2,True,
YBEY,True,
YBX1,True,
YBX2,True,
YBX3,True,
YEATS2,True,
YEATS4,True,
YIF1A,True,
YIF1B,True,
YIPF1,True,
YIPF3,True,
YIPF4,True,
YIPF5,True,
YIPF6,True,
YJU2,True,
YJU2B,True,
YKT6,True,
YLPM1,True,
YME1L1,True,
YOD1,True,
YPEL5,True,
YRDC,True,
YTHDC1,True,
YTHDC2,True,
YTHDF1,True,
YTHDF2,True,
YTHDF3,True,
YWHAB,True,
YWHAE,True,
YWHAG,True,
YWHAH,True,
YWHAQ,True,
YWHAZ,True,
YY1,True,
ZBED1,True,
ZBTB1,True,
ZBTB10,True,
ZBTB11,True,
ZBTB14,True,
ZBTB2,True,
ZBTB21,True,
ZBTB33,True,
ZBTB40,True,
ZBTB43,True,
ZBTB7A,True,
ZBTB7B,True,
ZBTB8OS,True,
ZBTB9,True,
ZC2HC1A,True,
ZC3H10,True,
ZC3H11A,True,
ZC3H13,True,
ZC3H14,True,
ZC3H15,True,
ZC3H18,True,
ZC3H4,True,
ZC3H6,True,
ZC3H7A,True,
ZC3H7B,True,
ZC3H8,True,
ZC3HAV1,True,
ZC3HAV1L,True,
ZC3HC1,True,
ZCCHC17,True,
ZCCHC3,True,
ZCCHC7,True,
ZCCHC8,True,
ZCCHC9,True,
ZCRB1,True,
ZDHHC13,True,
ZDHHC20,True,
ZDHHC3,True,
ZDHHC5,True,
ZEB1,True,
ZEB2,True,
ZFAND1,True,
ZFAND2B,True,
ZFAND3,True,
ZFAND5,True,
ZFAND6,True,
ZFC3H1,True,
ZFHX3,True,
ZFP36L1,True,
ZFP36L2,True,
ZFP64,True,
ZFP91,True,
ZFPL1,True,
ZFR,True,
ZFTRAF1,True,
ZFX,True,
ZFYVE1,True,
ZFYVE16,True,
ZFYVE19,True,
ZFYVE21,True,
ZFYVE26,True,
ZFYVE27,True,
ZFYVE9,True,
ZGPAT,True,
ZHX1,True,
ZHX2,True,
ZHX3,True,
ZKSCAN1,True,
ZKSCAN4,True,
ZKSCAN8,True,
ZMAT2,True,
ZMAT5,True,
ZMIZ1,True,
ZMIZ2,True,
ZMPSTE24,True,
ZMYM1,True,
ZMYM2,True,
ZMYM3,True,
ZMYM4,True,
ZMYND11,True,
ZMYND8,True,
ZNF106,True,
ZNF131,True,
ZNF143,True,
ZNF148,True,
ZNF185,True,
ZNF207,True,
ZNF217,True,
ZNF22,True,
ZNF24,True,
ZNF277,True,
ZNF280C,True,
ZNF280D,True,
ZNF281,True,
ZNF282,True,
ZNF292,True,
ZNF316,True,
ZNF318,True,
ZNF326,True,
ZNF330,True,
ZNF346,True,
ZNF362,True,
ZNF384,True,
ZNF385A,True,
ZNF407,True,
ZNF414,True,
ZNF428,True,
ZNF444,True,
ZNF446,True,
ZNF451,True,
ZNF462,True,
ZNF48,True,
ZNF503,True,
ZNF511,True,
ZNF512,True,
ZNF512B,True,
ZNF516,True,
ZNF532,True,
ZNF574,True,
ZNF579,True,
ZNF581,True,
ZNF592,True,
ZNF593,True,
ZNF598,True,
ZNF608,True,
ZNF609,True,
ZNF618,True,
ZNF622,True,
ZNF629,True,
ZNF638,True,
ZNF644,True,
ZNF668,True,
ZNF687,True,
ZNF703,True,
ZNF706,True,
ZNF740,True,
ZNF746,True,
ZNF768,True,
ZNF787,True,
ZNF8,True,
ZNF800,True,
ZNF827,True,
ZNF830,True,
ZNF845,True,
ZNFX1,True,
ZNHIT1,True,
ZNHIT2,True,
ZNHIT3,True,
ZNHIT6,True,
ZNRD2,True,
ZNRF2,True,
ZPR1,True,
ZRANB2,True,
ZRSR2,True,
ZSCAN18,True,
ZSCAN21,True,
ZSWIM8,True,
ZW10,True,
ZWILCH,True,
ZWINT,True,
ZYG11B,True,
ZYX,True,
ZZEF1,True,
ZZZ3,True,
